account_id,account_name,week_number,date,health_score,phase,P1,P2,P3,P4,P5,P6,P7,P8,C1,C2,C3,C4,C5,C6,C7,S1,S2,S3,S4,S5,S6,S7,R1,R2,R3,R4,R5,R6,B1,B2,B3,B4,B5,B6,B7
10003,Quantum Computing Corp,1,2024-01-01,68.52,moderate,10,60.25,18,30,2.93,88.83,5.87,531.51,428.45,106.31,30.87,138.88,2.55,61.13,73.95,63.34,8.16,1,64,71.61,86.03,64.2,94.92,23,48,5,3.95,57.71,77.18,34.68,59.47,77,70.93,64.18,64.12
10003,Quantum Computing Corp,2,2024-01-08,67.08,moderate,10,56.54,17,30,2.95,85.27,5.62,601.54,432.4,110.18,31.48,149.33,2.6,59.69,75.79,63.39,7.86,1,66,75.72,80.16,64.7,99.56,27,52,6,3.76,57.85,71.3,31.01,57.13,88,69.25,62.07,63.02
10003,Quantum Computing Corp,3,2024-01-15,65.68,moderate,10,58.01,18,28,2.57,85.72,5.81,611.2,480.21,112.41,34.27,159.99,2.46,59.36,76.72,58.3,7.08,1,73,74.77,78.95,61.51,95.64,28,57,6,3.57,55.59,69.88,31.96,55.69,94,68.54,56.64,66.42
10003,Quantum Computing Corp,4,2024-01-22,64.29,moderate,9,53.33,16,28,2.44,88.39,5.37,687.8,490.46,122.84,38.21,177.55,2.44,58.45,72.45,56.19,6.87,1,78,74.41,80.28,65.65,100,31,63,6,3.78,55.22,72.04,28.44,51.57,96,65.57,60.48,65.34
10003,Quantum Computing Corp,5,2024-01-29,62.04,at_risk,8,52.96,16,25,2.31,88.07,5.3,770.52,560.16,144.6,40.22,189.95,2.17,56.84,69.43,57.02,5.86,1,91,67.72,82.39,59.13,99.03,38,65,7,2.62,52.26,68.26,19.38,51.94,111,69.21,56.0,59.77
10003,Quantum Computing Corp,6,2024-02-05,59.5,at_risk,7,30.81,10,13,1.78,74.87,3.4,565.6,558.22,141.84,30.26,186.57,1.79,48.0,53.15,52.57,3.87,1,66,53.22,83.08,50.31,95.4,21,44,6,2.71,38.76,54.32,11.41,37.59,108,50.18,39.04,52.89
10003,Quantum Computing Corp,7,2024-02-12,58.16,at_risk,5,47.89,8,23,0.77,73.02,5.19,542.76,484.29,135.73,39.85,192.77,1.34,50.89,53.31,43.46,0.86,1,66,52.2,74.58,48.96,95.46,23,45,6,2.41,33.07,61.94,7.22,33.62,113,47.26,37.47,41.49
10003,Quantum Computing Corp,8,2024-02-19,56.11,at_risk,6,32.7,12,14,1.49,79.22,4.43,808.73,461.68,140.87,29.13,183.8,1.3,51.78,70.98,56.15,1.19,1,78,65.39,71.0,51.94,98.4,25,34,7,2.52,36.98,59.83,3.84,33.94,68,49.39,42.47,54.32
10003,Quantum Computing Corp,9,2024-02-26,54.25,at_risk,4,43.98,12,11,1.71,84.85,4.56,682.96,487.51,129.33,33.06,191.17,1.68,52.33,63.08,43.73,0,0,93,62.14,76.15,61.86,93.17,31,40,5,1.72,39.68,55.88,10.77,41.5,104,50.19,40.64,57.77
10003,Quantum Computing Corp,10,2024-03-04,52.0,at_risk,8,40.13,11,23,1.81,82.18,3.94,454.71,478.83,135.9,42.27,127.2,1.41,44.01,52.17,49.4,1.19,1,58,68.6,66.88,45.98,96.17,40,40,5,2.0,33.88,58.51,13.55,38.6,78,53.92,51.53,44.7
10003,Quantum Computing Corp,11,2024-03-11,50.55,at_risk,7,41.09,10,25,1.72,72.92,4.93,676.46,519.63,112.4,33.41,168.92,1.92,47.04,57.22,52.45,0,0,79,51.88,73.23,54.08,98.21,33,45,5,3.27,42.12,56.44,5.98,44.61,98,46.47,41.29,43.61
10003,Quantum Computing Corp,12,2024-03-18,48.52,at_risk,5,37.59,13,21,1.91,70.91,4.04,446.52,493.04,143.44,37.02,178.08,1.85,43.65,55.47,48.17,3.08,0,94,50.42,73.96,53.67,92.6,35,29,6,2.72,49.46,70.24,20.51,30.35,62,53.65,44.36,42.84
10003,Quantum Computing Corp,13,2024-03-25,45.54,crisis,4,18.86,9,10,0.7,42.99,2.68,498.7,564.51,135.12,25.57,123.02,1.64,42.92,70.63,52.38,0,0,57,61.99,75.78,42.22,55.58,84,104,12,0.96,21.15,66.88,11.74,32.33,125,54.94,38.28,52.05
10003,Quantum Computing Corp,14,2024-04-01,42.94,crisis,2,21.87,6,10,0.38,51.63,2.07,445.57,557.59,128.5,36.65,188.26,1.21,48.06,63.39,53.21,0,1,92,62.68,80.44,55.95,57.79,88,183,13,1.33,28.33,69.2,15.57,44.26,68,53.8,35.3,46.09
10003,Quantum Computing Corp,15,2024-04-08,40.77,crisis,4,18.95,7,7,0.92,42.99,1.67,450.83,323.73,103.14,33.18,174.95,1.78,51.83,51.18,52.53,5.1,0,58,51.22,69.73,41.25,57.66,64,67,13,1.3,21.06,66.09,5.47,41.03,102,53.89,40.23,40.07
10003,Quantum Computing Corp,16,2024-04-15,38.21,crisis,3,20.22,5,6,0.29,46.85,1.68,371.65,404.26,107.29,44.55,148.85,1.88,55.73,63.27,49.86,3.82,1,91,59.36,77.77,41.04,57.33,81,68,11,1.46,24.87,53.5,5.86,36.4,100,61.0,40.95,57.99
10003,Quantum Computing Corp,17,2024-04-22,30,churned,3,17.9,3,9,0.77,32.02,1.52,2296.47,945.35,428.66,72.17,420.57,0.81,18.42,24.81,16.02,0.38,0,236,23.14,27.98,16.36,37.86,88,221,12,1.0,13.63,22.03,2.49,20.12,283,20.77,19.86,18.51
10003,Quantum Computing Corp,18,2024-04-29,27.93,churned,1,14.68,3,10,0.52,30.68,1.36,2309.71,1532.55,418.55,100,428.42,0.54,16.99,24.19,19.97,0,0,184,21.07,30.61,20.03,40.01,81,145,18,1.41,18.92,24.32,1.41,12.07,341,20.32,14.48,20.26
10003,Quantum Computing Corp,19,2024-05-06,25.11,churned,2,13.85,6,9,0.71,33.62,1.16,1543.94,1365.73,458.97,100,406.76,0.75,18.16,25.38,20.29,0,0,151,25.15,29.4,23.2,38.7,65,131,23,1.09,15.52,19.59,0.43,13.47,297,21.97,15.56,19.1
10003,Quantum Computing Corp,20,2024-05-13,22.79,churned,3,14.08,5,8,0.76,32.46,1.95,1767.46,1602.47,266.25,100,411.27,0.52,20.7,20.01,15.39,0,0,260,26.28,28.07,23.18,40.99,84,157,12,1.3,15.23,23.39,3.45,19.16,223,22.84,18.24,23.5
10003,Quantum Computing Corp,21,2024-05-20,21.37,churned,2,19.17,2,10,0.45,31.76,0.91,1773.79,1062.24,254.59,74.39,425.36,0.65,16.53,28.65,15.24,0,0,177,28.39,31.32,24.66,40.78,71,221,15,1.21,14.26,25.57,5.56,13.09,223,25.67,20.19,19.67
10003,Quantum Computing Corp,22,2024-05-27,19.59,churned,2,13.04,6,8,0.5,30.39,1.5,1535.22,1551.76,297.78,100,595.23,0.68,20.45,21.2,14.55,0.89,0,255,26.34,31.97,17.54,39.15,67,83,16,1.24,18.9,21.38,7.69,13.89,324,21.83,18.44,20.14
