account_id,kpi_code,measurement_month,value,target_value
35001,AI-KPI1,2024-01-01,74.04,85.0
35001,AI-KPI1,2024-02-01,76.35,85.0
35001,AI-KPI1,2024-03-01,71.14,85.0
35001,AI-KPI1,2024-04-01,75.42,85.0
35001,AI-KPI1,2024-05-01,71.53,85.0
35001,AI-KPI1,2024-06-01,72.92,85.0
35001,AI-KPI1,2024-07-01,78.91,85.0
35001,AI-KPI1,2024-08-01,80.16,85.0
35001,AI-KPI1,2024-09-01,74.25,85.0
35001,AI-KPI1,2024-10-01,73.84,85.0
35001,AI-KPI1,2024-11-01,75.74,85.0
35001,AI-KPI1,2024-12-01,79.79,85.0
35001,AI-KPI2,2024-01-01,66.83,80.0
35001,AI-KPI2,2024-02-01,68.49,80.0
35001,AI-KPI2,2024-03-01,68.93,80.0
35001,AI-KPI2,2024-04-01,64.09,80.0
35001,AI-KPI2,2024-05-01,63.52,80.0
35001,AI-KPI2,2024-06-01,64.67,80.0
35001,AI-KPI2,2024-07-01,73.79,80.0
35001,AI-KPI2,2024-08-01,74.28,80.0
35001,AI-KPI2,2024-09-01,68.08,80.0
35001,AI-KPI2,2024-10-01,74.06,80.0
35001,AI-KPI2,2024-11-01,70.45,80.0
35001,AI-KPI2,2024-12-01,79.27,80.0
35001,AI-KPI3,2024-01-01,44.44,24.0
35001,AI-KPI3,2024-02-01,47.04,24.0
35001,AI-KPI3,2024-03-01,46.92,24.0
35001,AI-KPI3,2024-04-01,45.35,24.0
35001,AI-KPI3,2024-05-01,46.39,24.0
35001,AI-KPI3,2024-06-01,44.12,24.0
35001,AI-KPI3,2024-07-01,39.93,24.0
35001,AI-KPI3,2024-08-01,38.36,24.0
35001,AI-KPI3,2024-09-01,37.7,24.0
35001,AI-KPI3,2024-10-01,37.33,24.0
35001,AI-KPI3,2024-11-01,39.65,24.0
35001,AI-KPI3,2024-12-01,30.24,24.0
35001,AI-KPI4,2024-01-01,121.1,50.0
35001,AI-KPI4,2024-02-01,119.6,50.0
35001,AI-KPI4,2024-03-01,112.62,50.0
35001,AI-KPI4,2024-04-01,122.69,50.0
35001,AI-KPI4,2024-05-01,117.18,50.0
35001,AI-KPI4,2024-06-01,118.57,50.0
35001,AI-KPI4,2024-07-01,98.3,50.0
35001,AI-KPI4,2024-08-01,99.49,50.0
35001,AI-KPI4,2024-09-01,92.19,50.0
35001,AI-KPI4,2024-10-01,90.53,50.0
35001,AI-KPI4,2024-11-01,92.26,50.0
35001,AI-KPI4,2024-12-01,72.16,50.0
35001,AI-KPI5,2024-01-01,97.08,98.0
35001,AI-KPI5,2024-02-01,94.69,98.0
35001,AI-KPI5,2024-03-01,91.19,98.0
35001,AI-KPI5,2024-04-01,98.35,98.0
35001,AI-KPI5,2024-05-01,93.04,98.0
35001,AI-KPI5,2024-06-01,96.82,98.0
35001,AI-KPI5,2024-07-01,93.43,98.0
35001,AI-KPI5,2024-08-01,91.14,98.0
35001,AI-KPI5,2024-09-01,95.12,98.0
35001,AI-KPI5,2024-10-01,97.52,98.0
35001,AI-KPI5,2024-11-01,96.44,98.0
35001,AI-KPI5,2024-12-01,95.36,98.0
35001,AI-KPI6,2024-01-01,78.22,90.0
35001,AI-KPI6,2024-02-01,83.04,90.0
35001,AI-KPI6,2024-03-01,83.32,90.0
35001,AI-KPI6,2024-04-01,81.6,90.0
35001,AI-KPI6,2024-05-01,82.66,90.0
35001,AI-KPI6,2024-06-01,77.25,90.0
35001,AI-KPI6,2024-07-01,88.0,90.0
35001,AI-KPI6,2024-08-01,81.98,90.0
35001,AI-KPI6,2024-09-01,82.45,90.0
35001,AI-KPI6,2024-10-01,86.89,90.0
35001,AI-KPI6,2024-11-01,86.89,90.0
35001,AI-KPI6,2024-12-01,84.27,90.0
35001,CH-KPI1,2024-01-01,71.65,85.0
35001,CH-KPI1,2024-02-01,73.03,85.0
35001,CH-KPI1,2024-03-01,70.41,85.0
35001,CH-KPI1,2024-04-01,75.42,85.0
35001,CH-KPI1,2024-05-01,70.66,85.0
35001,CH-KPI1,2024-06-01,72.32,85.0
35001,CH-KPI1,2024-07-01,78.57,85.0
35001,CH-KPI1,2024-08-01,78.01,85.0
35001,CH-KPI1,2024-09-01,75.81,85.0
35001,CH-KPI1,2024-10-01,79.68,85.0
35001,CH-KPI1,2024-11-01,80.75,85.0
35001,CH-KPI1,2024-12-01,82.84,85.0
35001,CH-KPI2,2024-01-01,56.74,20.0
35001,CH-KPI2,2024-02-01,56.99,20.0
35001,CH-KPI2,2024-03-01,54.68,20.0
35001,CH-KPI2,2024-04-01,55.56,20.0
35001,CH-KPI2,2024-05-01,58.29,20.0
35001,CH-KPI2,2024-06-01,53.91,20.0
35001,CH-KPI2,2024-07-01,43.32,20.0
35001,CH-KPI2,2024-08-01,42.29,20.0
35001,CH-KPI2,2024-09-01,43.53,20.0
35001,CH-KPI2,2024-10-01,41.99,20.0
35001,CH-KPI2,2024-11-01,45.1,20.0
35001,CH-KPI2,2024-12-01,32.41,20.0
35001,CH-KPI3,2024-01-01,67.22,80.0
35001,CH-KPI3,2024-02-01,69.02,80.0
35001,CH-KPI3,2024-03-01,65.2,80.0
35001,CH-KPI3,2024-04-01,65.64,80.0
35001,CH-KPI3,2024-05-01,68.73,80.0
35001,CH-KPI3,2024-06-01,69.27,80.0
35001,CH-KPI3,2024-07-01,67.97,80.0
35001,CH-KPI3,2024-08-01,74.31,80.0
35001,CH-KPI3,2024-09-01,72.53,80.0
35001,CH-KPI3,2024-10-01,74.28,80.0
35001,CH-KPI3,2024-11-01,69.47,80.0
35001,CH-KPI3,2024-12-01,76.26,80.0
35001,CH-KPI4,2024-01-01,3.67,4.5
35001,CH-KPI4,2024-02-01,3.79,4.5
35001,CH-KPI4,2024-03-01,3.65,4.5
35001,CH-KPI4,2024-04-01,3.88,4.5
35001,CH-KPI4,2024-05-01,3.98,4.5
35001,CH-KPI4,2024-06-01,3.78,4.5
35001,CH-KPI4,2024-07-01,4.21,4.5
35001,CH-KPI4,2024-08-01,3.86,4.5
35001,CH-KPI4,2024-09-01,3.94,4.5
35001,CH-KPI4,2024-10-01,4.0,4.5
35001,CH-KPI4,2024-11-01,3.94,4.5
35001,CH-KPI4,2024-12-01,4.46,4.5
35001,CH-KPI5,2024-01-01,61.44,75.0
35001,CH-KPI5,2024-02-01,66.59,75.0
35001,CH-KPI5,2024-03-01,61.68,75.0
35001,CH-KPI5,2024-04-01,65.74,75.0
35001,CH-KPI5,2024-05-01,61.17,75.0
35001,CH-KPI5,2024-06-01,62.25,75.0
35001,CH-KPI5,2024-07-01,66.67,75.0
35001,CH-KPI5,2024-08-01,70.65,75.0
35001,CH-KPI5,2024-09-01,65.04,75.0
35001,CH-KPI5,2024-10-01,70.52,75.0
35001,CH-KPI5,2024-11-01,65.55,75.0
35001,CH-KPI5,2024-12-01,71.8,75.0
35001,CH-KPI6,2024-01-01,124.18,90.0
35001,CH-KPI6,2024-02-01,124.28,90.0
35001,CH-KPI6,2024-03-01,125.34,90.0
35001,CH-KPI6,2024-04-01,135.89,90.0
35001,CH-KPI6,2024-05-01,132.82,90.0
35001,CH-KPI6,2024-06-01,135.6,90.0
35001,CH-KPI6,2024-07-01,122.18,90.0
35001,CH-KPI6,2024-08-01,120.48,90.0
35001,CH-KPI6,2024-09-01,117.88,90.0
35001,CH-KPI6,2024-10-01,112.07,90.0
35001,CH-KPI6,2024-11-01,122.39,90.0
35001,CH-KPI6,2024-12-01,101.17,90.0
35001,DV-KPI1,2024-01-01,33.19,14.0
35001,DV-KPI1,2024-02-01,35.17,14.0
35001,DV-KPI1,2024-03-01,33.76,14.0
35001,DV-KPI1,2024-04-01,35.65,14.0
35001,DV-KPI1,2024-05-01,36.43,14.0
35001,DV-KPI1,2024-06-01,34.3,14.0
35001,DV-KPI1,2024-07-01,27.62,14.0
35001,DV-KPI1,2024-08-01,27.15,14.0
35001,DV-KPI1,2024-09-01,28.22,14.0
35001,DV-KPI1,2024-10-01,28.39,14.0
35001,DV-KPI1,2024-11-01,26.73,14.0
35001,DV-KPI1,2024-12-01,20.11,14.0
35001,DV-KPI2,2024-01-01,91.68,95.0
35001,DV-KPI2,2024-02-01,88.45,95.0
35001,DV-KPI2,2024-03-01,90.99,95.0
35001,DV-KPI2,2024-04-01,83.9,95.0
35001,DV-KPI2,2024-05-01,85.18,95.0
35001,DV-KPI2,2024-06-01,85.47,95.0
35001,DV-KPI2,2024-07-01,89.52,95.0
35001,DV-KPI2,2024-08-01,86.48,95.0
35001,DV-KPI2,2024-09-01,87.55,95.0
35001,DV-KPI2,2024-10-01,94.5,95.0
35001,DV-KPI2,2024-11-01,90.29,95.0
35001,DV-KPI2,2024-12-01,93.4,95.0
35001,DV-KPI3,2024-01-01,12.18,5.0
35001,DV-KPI3,2024-02-01,12.09,5.0
35001,DV-KPI3,2024-03-01,11.46,5.0
35001,DV-KPI3,2024-04-01,11.42,5.0
35001,DV-KPI3,2024-05-01,11.9,5.0
35001,DV-KPI3,2024-06-01,11.88,5.0
35001,DV-KPI3,2024-07-01,9.94,5.0
35001,DV-KPI3,2024-08-01,9.48,5.0
35001,DV-KPI3,2024-09-01,9.36,5.0
35001,DV-KPI3,2024-10-01,9.11,5.0
35001,DV-KPI3,2024-11-01,9.61,5.0
35001,DV-KPI3,2024-12-01,7.0,5.0
35001,DV-KPI4,2024-01-01,80.98,95.0
35001,DV-KPI4,2024-02-01,85.36,95.0
35001,DV-KPI4,2024-03-01,86.22,95.0
35001,DV-KPI4,2024-04-01,79.93,95.0
35001,DV-KPI4,2024-05-01,83.87,95.0
35001,DV-KPI4,2024-06-01,82.26,95.0
35001,DV-KPI4,2024-07-01,85.1,95.0
35001,DV-KPI4,2024-08-01,84.26,95.0
35001,DV-KPI4,2024-09-01,83.67,95.0
35001,DV-KPI4,2024-10-01,84.15,95.0
35001,DV-KPI4,2024-11-01,90.75,95.0
35001,DV-KPI4,2024-12-01,88.67,95.0
35001,DV-KPI5,2024-01-01,78.59,90.0
35001,DV-KPI5,2024-02-01,79.74,90.0
35001,DV-KPI5,2024-03-01,79.86,90.0
35001,DV-KPI5,2024-04-01,80.39,90.0
35001,DV-KPI5,2024-05-01,82.78,90.0
35001,DV-KPI5,2024-06-01,84.16,90.0
35001,DV-KPI5,2024-07-01,85.64,90.0
35001,DV-KPI5,2024-08-01,82.92,90.0
35001,DV-KPI5,2024-09-01,86.68,90.0
35001,DV-KPI5,2024-10-01,83.98,90.0
35001,DV-KPI5,2024-11-01,88.03,90.0
35001,DV-KPI5,2024-12-01,88.05,90.0
35001,DV-KPI6,2024-01-01,76.95,85.0
35001,DV-KPI6,2024-02-01,70.58,85.0
35001,DV-KPI6,2024-03-01,75.15,85.0
35001,DV-KPI6,2024-04-01,73.99,85.0
35001,DV-KPI6,2024-05-01,70.38,85.0
35001,DV-KPI6,2024-06-01,74.94,85.0
35001,DV-KPI6,2024-07-01,73.86,85.0
35001,DV-KPI6,2024-08-01,78.12,85.0
35001,DV-KPI6,2024-09-01,81.35,85.0
35001,DV-KPI6,2024-10-01,77.51,85.0
35001,DV-KPI6,2024-11-01,74.6,85.0
35001,DV-KPI6,2024-12-01,78.02,85.0
35001,EX-KPI1,2024-01-01,1.36,2.0
35001,EX-KPI1,2024-02-01,1.29,2.0
35001,EX-KPI1,2024-03-01,1.36,2.0
35001,EX-KPI1,2024-04-01,1.31,2.0
35001,EX-KPI1,2024-05-01,1.31,2.0
35001,EX-KPI1,2024-06-01,1.28,2.0
35001,EX-KPI1,2024-07-01,1.56,2.0
35001,EX-KPI1,2024-08-01,1.6,2.0
35001,EX-KPI1,2024-09-01,1.61,2.0
35001,EX-KPI1,2024-10-01,1.57,2.0
35001,EX-KPI1,2024-11-01,1.5,2.0
35001,EX-KPI1,2024-12-01,1.8,2.0
35001,EX-KPI2,2024-01-01,20.98,30.0
35001,EX-KPI2,2024-02-01,21.38,30.0
35001,EX-KPI2,2024-03-01,21.06,30.0
35001,EX-KPI2,2024-04-01,21.23,30.0
35001,EX-KPI2,2024-05-01,21.42,30.0
35001,EX-KPI2,2024-06-01,21.52,30.0
35001,EX-KPI2,2024-07-01,24.27,30.0
35001,EX-KPI2,2024-08-01,25.02,30.0
35001,EX-KPI2,2024-09-01,23.31,30.0
35001,EX-KPI2,2024-10-01,23.37,30.0
35001,EX-KPI2,2024-11-01,25.01,30.0
35001,EX-KPI2,2024-12-01,26.13,30.0
35001,EX-KPI3,2024-01-01,16.42,25.0
35001,EX-KPI3,2024-02-01,15.5,25.0
35001,EX-KPI3,2024-03-01,15.66,25.0
35001,EX-KPI3,2024-04-01,15.61,25.0
35001,EX-KPI3,2024-05-01,15.74,25.0
35001,EX-KPI3,2024-06-01,15.35,25.0
35001,EX-KPI3,2024-07-01,19.53,25.0
35001,EX-KPI3,2024-08-01,19.73,25.0
35001,EX-KPI3,2024-09-01,19.85,25.0
35001,EX-KPI3,2024-10-01,18.75,25.0
35001,EX-KPI3,2024-11-01,19.92,25.0
35001,EX-KPI3,2024-12-01,22.37,25.0
35001,EX-KPI4,2024-01-01,82.45,95.0
35001,EX-KPI4,2024-02-01,85.97,95.0
35001,EX-KPI4,2024-03-01,81.51,95.0
35001,EX-KPI4,2024-04-01,81.69,95.0
35001,EX-KPI4,2024-05-01,86.2,95.0
35001,EX-KPI4,2024-06-01,80.73,95.0
35001,EX-KPI4,2024-07-01,83.81,95.0
35001,EX-KPI4,2024-08-01,84.06,95.0
35001,EX-KPI4,2024-09-01,88.01,95.0
35001,EX-KPI4,2024-10-01,86.8,95.0
35001,EX-KPI4,2024-11-01,85.61,95.0
35001,EX-KPI4,2024-12-01,93.37,95.0
35001,EX-KPI5,2024-01-01,3.29,5.0
35001,EX-KPI5,2024-02-01,3.11,5.0
35001,EX-KPI5,2024-03-01,3.24,5.0
35001,EX-KPI5,2024-04-01,3.05,5.0
35001,EX-KPI5,2024-05-01,3.27,5.0
35001,EX-KPI5,2024-06-01,3.31,5.0
35001,EX-KPI5,2024-07-01,3.91,5.0
35001,EX-KPI5,2024-08-01,3.67,5.0
35001,EX-KPI5,2024-09-01,3.89,5.0
35001,EX-KPI5,2024-10-01,3.85,5.0
35001,EX-KPI5,2024-11-01,3.9,5.0
35001,EX-KPI5,2024-12-01,4.57,5.0
35001,EX-KPI6,2024-01-01,11.23,20.0
35001,EX-KPI6,2024-02-01,11.44,20.0
35001,EX-KPI6,2024-03-01,10.93,20.0
35001,EX-KPI6,2024-04-01,10.52,20.0
35001,EX-KPI6,2024-05-01,11.22,20.0
35001,EX-KPI6,2024-06-01,10.78,20.0
35001,EX-KPI6,2024-07-01,13.9,20.0
35001,EX-KPI6,2024-08-01,14.53,20.0
35001,EX-KPI6,2024-09-01,13.6,20.0
35001,EX-KPI6,2024-10-01,13.77,20.0
35001,EX-KPI6,2024-11-01,14.56,20.0
35001,EX-KPI6,2024-12-01,16.37,20.0
35001,EX-KPI7,2024-01-01,3.15,4.0
35001,EX-KPI7,2024-02-01,3.09,4.0
35001,EX-KPI7,2024-03-01,3.11,4.0
35001,EX-KPI7,2024-04-01,3.15,4.0
35001,EX-KPI7,2024-05-01,3.15,4.0
35001,EX-KPI7,2024-06-01,3.04,4.0
35001,EX-KPI7,2024-07-01,3.34,4.0
35001,EX-KPI7,2024-08-01,3.36,4.0
35001,EX-KPI7,2024-09-01,3.48,4.0
35001,EX-KPI7,2024-10-01,3.46,4.0
35001,EX-KPI7,2024-11-01,3.26,4.0
35001,EX-KPI7,2024-12-01,3.57,4.0
35001,EX-KPI8,2024-01-01,72.15,85.0
35001,EX-KPI8,2024-02-01,73.33,85.0
35001,EX-KPI8,2024-03-01,76.32,85.0
35001,EX-KPI8,2024-04-01,73.51,85.0
35001,EX-KPI8,2024-05-01,73.9,85.0
35001,EX-KPI8,2024-06-01,70.41,85.0
35001,EX-KPI8,2024-07-01,78.44,85.0
35001,EX-KPI8,2024-08-01,79.99,85.0
35001,EX-KPI8,2024-09-01,73.77,85.0
35001,EX-KPI8,2024-10-01,80.22,85.0
35001,EX-KPI8,2024-11-01,78.59,85.0
35001,EX-KPI8,2024-12-01,84.53,85.0
35001,OS-KPI1,2024-01-01,98.0,99.9
35001,OS-KPI1,2024-02-01,100.0,99.9
35001,OS-KPI1,2024-03-01,98.0,99.9
35001,OS-KPI1,2024-04-01,98.0,99.9
35001,OS-KPI1,2024-05-01,100.0,99.9
35001,OS-KPI1,2024-06-01,100.0,99.9
35001,OS-KPI1,2024-07-01,98.0,99.9
35001,OS-KPI1,2024-08-01,100.0,99.9
35001,OS-KPI1,2024-09-01,100.0,99.9
35001,OS-KPI1,2024-10-01,98.0,99.9
35001,OS-KPI1,2024-11-01,98.0,99.9
35001,OS-KPI1,2024-12-01,98.0,99.9
35001,OS-KPI2,2024-01-01,4.73,2.0
35001,OS-KPI2,2024-02-01,4.65,2.0
35001,OS-KPI2,2024-03-01,4.68,2.0
35001,OS-KPI2,2024-04-01,4.91,2.0
35001,OS-KPI2,2024-05-01,4.85,2.0
35001,OS-KPI2,2024-06-01,4.74,2.0
35001,OS-KPI2,2024-07-01,3.64,2.0
35001,OS-KPI2,2024-08-01,3.71,2.0
35001,OS-KPI2,2024-09-01,3.84,2.0
35001,OS-KPI2,2024-10-01,3.88,2.0
35001,OS-KPI2,2024-11-01,3.86,2.0
35001,OS-KPI2,2024-12-01,2.77,2.0
35001,OS-KPI3,2024-01-01,5.72,2.0
35001,OS-KPI3,2024-02-01,5.4,2.0
35001,OS-KPI3,2024-03-01,5.4,2.0
35001,OS-KPI3,2024-04-01,5.6,2.0
35001,OS-KPI3,2024-05-01,5.34,2.0
35001,OS-KPI3,2024-06-01,5.46,2.0
35001,OS-KPI3,2024-07-01,4.39,2.0
35001,OS-KPI3,2024-08-01,4.29,2.0
35001,OS-KPI3,2024-09-01,4.59,2.0
35001,OS-KPI3,2024-10-01,4.32,2.0
35001,OS-KPI3,2024-11-01,4.39,2.0
35001,OS-KPI3,2024-12-01,3.04,2.0
35001,OS-KPI4,2024-01-01,95.0,99.0
35001,OS-KPI4,2024-02-01,95.0,99.0
35001,OS-KPI4,2024-03-01,95.13,99.0
35001,OS-KPI4,2024-04-01,100.0,99.0
35001,OS-KPI4,2024-05-01,97.49,99.0
35001,OS-KPI4,2024-06-01,97.78,99.0
35001,OS-KPI4,2024-07-01,95.0,99.0
35001,OS-KPI4,2024-08-01,95.0,99.0
35001,OS-KPI4,2024-09-01,95.0,99.0
35001,OS-KPI4,2024-10-01,100.0,99.0
35001,OS-KPI4,2024-11-01,95.0,99.0
35001,OS-KPI4,2024-12-01,95.29,99.0
35001,OS-KPI5,2024-01-01,94.92,98.0
35001,OS-KPI5,2024-02-01,94.13,98.0
35001,OS-KPI5,2024-03-01,91.15,98.0
35001,OS-KPI5,2024-04-01,93.73,98.0
35001,OS-KPI5,2024-05-01,94.2,98.0
35001,OS-KPI5,2024-06-01,90.25,98.0
35001,OS-KPI5,2024-07-01,98.71,98.0
35001,OS-KPI5,2024-08-01,97.27,98.0
35001,OS-KPI5,2024-09-01,92.05,98.0
35001,OS-KPI5,2024-10-01,94.86,98.0
35001,OS-KPI5,2024-11-01,99.3,98.0
35001,OS-KPI5,2024-12-01,96.3,98.0
35001,OS-KPI6,2024-01-01,95.31,100.0
35001,OS-KPI6,2024-02-01,98.85,100.0
35001,OS-KPI6,2024-03-01,97.39,100.0
35001,OS-KPI6,2024-04-01,98.84,100.0
35001,OS-KPI6,2024-05-01,100.0,100.0
35001,OS-KPI6,2024-06-01,95.0,100.0
35001,OS-KPI6,2024-07-01,96.23,100.0
35001,OS-KPI6,2024-08-01,100.0,100.0
35001,OS-KPI6,2024-09-01,100.0,100.0
35001,OS-KPI6,2024-10-01,100.0,100.0
35001,OS-KPI6,2024-11-01,100.0,100.0
35001,OS-KPI6,2024-12-01,99.34,100.0
35001,OS-KPI7,2024-01-01,3.4,2.0
35001,OS-KPI7,2024-02-01,3.46,2.0
35001,OS-KPI7,2024-03-01,3.3,2.0
35001,OS-KPI7,2024-04-01,3.28,2.0
35001,OS-KPI7,2024-05-01,3.23,2.0
35001,OS-KPI7,2024-06-01,3.49,2.0
35001,OS-KPI7,2024-07-01,3.03,2.0
35001,OS-KPI7,2024-08-01,2.94,2.0
35001,OS-KPI7,2024-09-01,2.84,2.0
35001,OS-KPI7,2024-10-01,2.79,2.0
35001,OS-KPI7,2024-11-01,2.99,2.0
35001,OS-KPI7,2024-12-01,2.51,2.0
35002,AI-KPI1,2024-01-01,79.27,85.0
35002,AI-KPI1,2024-02-01,84.06,85.0
35002,AI-KPI1,2024-03-01,80.53,85.0
35002,AI-KPI1,2024-04-01,75.72,85.0
35002,AI-KPI1,2024-05-01,77.62,85.0
35002,AI-KPI1,2024-06-01,74.36,85.0
35002,AI-KPI1,2024-07-01,75.91,85.0
35002,AI-KPI1,2024-08-01,77.46,85.0
35002,AI-KPI1,2024-09-01,78.82,85.0
35002,AI-KPI1,2024-10-01,73.82,85.0
35002,AI-KPI1,2024-11-01,75.19,85.0
35002,AI-KPI1,2024-12-01,73.11,85.0
35002,AI-KPI2,2024-01-01,74.16,80.0
35002,AI-KPI2,2024-02-01,72.92,80.0
35002,AI-KPI2,2024-03-01,73.07,80.0
35002,AI-KPI2,2024-04-01,69.69,80.0
35002,AI-KPI2,2024-05-01,68.9,80.0
35002,AI-KPI2,2024-06-01,73.82,80.0
35002,AI-KPI2,2024-07-01,72.98,80.0
35002,AI-KPI2,2024-08-01,74.26,80.0
35002,AI-KPI2,2024-09-01,71.15,80.0
35002,AI-KPI2,2024-10-01,66.34,80.0
35002,AI-KPI2,2024-11-01,69.05,80.0
35002,AI-KPI2,2024-12-01,64.2,80.0
35002,AI-KPI3,2024-01-01,29.88,24.0
35002,AI-KPI3,2024-02-01,30.3,24.0
35002,AI-KPI3,2024-03-01,31.08,24.0
35002,AI-KPI3,2024-04-01,38.49,24.0
35002,AI-KPI3,2024-05-01,37.0,24.0
35002,AI-KPI3,2024-06-01,38.28,24.0
35002,AI-KPI3,2024-07-01,39.47,24.0
35002,AI-KPI3,2024-08-01,36.82,24.0
35002,AI-KPI3,2024-09-01,37.39,24.0
35002,AI-KPI3,2024-10-01,44.32,24.0
35002,AI-KPI3,2024-11-01,46.57,24.0
35002,AI-KPI3,2024-12-01,45.37,24.0
35002,AI-KPI4,2024-01-01,70.59,50.0
35002,AI-KPI4,2024-02-01,73.35,50.0
35002,AI-KPI4,2024-03-01,69.7,50.0
35002,AI-KPI4,2024-04-01,93.71,50.0
35002,AI-KPI4,2024-05-01,98.44,50.0
35002,AI-KPI4,2024-06-01,90.4,50.0
35002,AI-KPI4,2024-07-01,94.75,50.0
35002,AI-KPI4,2024-08-01,90.45,50.0
35002,AI-KPI4,2024-09-01,96.51,50.0
35002,AI-KPI4,2024-10-01,117.99,50.0
35002,AI-KPI4,2024-11-01,114.21,50.0
35002,AI-KPI4,2024-12-01,114.08,50.0
35002,AI-KPI5,2024-01-01,97.05,98.0
35002,AI-KPI5,2024-02-01,100.0,98.0
35002,AI-KPI5,2024-03-01,97.81,98.0
35002,AI-KPI5,2024-04-01,94.46,98.0
35002,AI-KPI5,2024-05-01,97.91,98.0
35002,AI-KPI5,2024-06-01,92.71,98.0
35002,AI-KPI5,2024-07-01,99.2,98.0
35002,AI-KPI5,2024-08-01,94.2,98.0
35002,AI-KPI5,2024-09-01,91.08,98.0
35002,AI-KPI5,2024-10-01,90.36,98.0
35002,AI-KPI5,2024-11-01,91.18,98.0
35002,AI-KPI5,2024-12-01,93.9,98.0
35002,AI-KPI6,2024-01-01,86.83,90.0
35002,AI-KPI6,2024-02-01,86.21,90.0
35002,AI-KPI6,2024-03-01,87.91,90.0
35002,AI-KPI6,2024-04-01,80.53,90.0
35002,AI-KPI6,2024-05-01,86.2,90.0
35002,AI-KPI6,2024-06-01,80.12,90.0
35002,AI-KPI6,2024-07-01,87.62,90.0
35002,AI-KPI6,2024-08-01,82.49,90.0
35002,AI-KPI6,2024-09-01,85.85,90.0
35002,AI-KPI6,2024-10-01,80.68,90.0
35002,AI-KPI6,2024-11-01,77.75,90.0
35002,AI-KPI6,2024-12-01,77.71,90.0
35002,CH-KPI1,2024-01-01,82.44,85.0
35002,CH-KPI1,2024-02-01,84.74,85.0
35002,CH-KPI1,2024-03-01,85.1,85.0
35002,CH-KPI1,2024-04-01,77.13,85.0
35002,CH-KPI1,2024-05-01,74.43,85.0
35002,CH-KPI1,2024-06-01,75.13,85.0
35002,CH-KPI1,2024-07-01,78.1,85.0
35002,CH-KPI1,2024-08-01,79.0,85.0
35002,CH-KPI1,2024-09-01,80.63,85.0
35002,CH-KPI1,2024-10-01,75.75,85.0
35002,CH-KPI1,2024-11-01,70.06,85.0
35002,CH-KPI1,2024-12-01,76.25,85.0
35002,CH-KPI2,2024-01-01,31.26,20.0
35002,CH-KPI2,2024-02-01,32.37,20.0
35002,CH-KPI2,2024-03-01,31.9,20.0
35002,CH-KPI2,2024-04-01,44.2,20.0
35002,CH-KPI2,2024-05-01,44.73,20.0
35002,CH-KPI2,2024-06-01,42.78,20.0
35002,CH-KPI2,2024-07-01,45.54,20.0
35002,CH-KPI2,2024-08-01,44.71,20.0
35002,CH-KPI2,2024-09-01,46.02,20.0
35002,CH-KPI2,2024-10-01,55.88,20.0
35002,CH-KPI2,2024-11-01,53.44,20.0
35002,CH-KPI2,2024-12-01,54.19,20.0
35002,CH-KPI3,2024-01-01,75.0,80.0
35002,CH-KPI3,2024-02-01,72.69,80.0
35002,CH-KPI3,2024-03-01,76.33,80.0
35002,CH-KPI3,2024-04-01,72.22,80.0
35002,CH-KPI3,2024-05-01,71.2,80.0
35002,CH-KPI3,2024-06-01,70.77,80.0
35002,CH-KPI3,2024-07-01,67.56,80.0
35002,CH-KPI3,2024-08-01,72.79,80.0
35002,CH-KPI3,2024-09-01,72.54,80.0
35002,CH-KPI3,2024-10-01,64.43,80.0
35002,CH-KPI3,2024-11-01,68.03,80.0
35002,CH-KPI3,2024-12-01,68.69,80.0
35002,CH-KPI4,2024-01-01,4.35,4.5
35002,CH-KPI4,2024-02-01,4.17,4.5
35002,CH-KPI4,2024-03-01,4.18,4.5
35002,CH-KPI4,2024-04-01,4.13,4.5
35002,CH-KPI4,2024-05-01,4.19,4.5
35002,CH-KPI4,2024-06-01,4.18,4.5
35002,CH-KPI4,2024-07-01,3.89,4.5
35002,CH-KPI4,2024-08-01,3.91,4.5
35002,CH-KPI4,2024-09-01,4.16,4.5
35002,CH-KPI4,2024-10-01,3.74,4.5
35002,CH-KPI4,2024-11-01,3.69,4.5
35002,CH-KPI4,2024-12-01,3.84,4.5
35002,CH-KPI5,2024-01-01,73.85,75.0
35002,CH-KPI5,2024-02-01,70.7,75.0
35002,CH-KPI5,2024-03-01,73.88,75.0
35002,CH-KPI5,2024-04-01,67.03,75.0
35002,CH-KPI5,2024-05-01,65.24,75.0
35002,CH-KPI5,2024-06-01,70.18,75.0
35002,CH-KPI5,2024-07-01,69.77,75.0
35002,CH-KPI5,2024-08-01,65.61,75.0
35002,CH-KPI5,2024-09-01,68.12,75.0
35002,CH-KPI5,2024-10-01,64.08,75.0
35002,CH-KPI5,2024-11-01,66.08,75.0
35002,CH-KPI5,2024-12-01,66.06,75.0
35002,CH-KPI6,2024-01-01,98.6,90.0
35002,CH-KPI6,2024-02-01,107.07,90.0
35002,CH-KPI6,2024-03-01,107.5,90.0
35002,CH-KPI6,2024-04-01,121.14,90.0
35002,CH-KPI6,2024-05-01,111.38,90.0
35002,CH-KPI6,2024-06-01,120.59,90.0
35002,CH-KPI6,2024-07-01,115.08,90.0
35002,CH-KPI6,2024-08-01,119.72,90.0
35002,CH-KPI6,2024-09-01,122.16,90.0
35002,CH-KPI6,2024-10-01,127.63,90.0
35002,CH-KPI6,2024-11-01,129.16,90.0
35002,CH-KPI6,2024-12-01,125.29,90.0
35002,DV-KPI1,2024-01-01,20.45,14.0
35002,DV-KPI1,2024-02-01,21.78,14.0
35002,DV-KPI1,2024-03-01,21.9,14.0
35002,DV-KPI1,2024-04-01,28.93,14.0
35002,DV-KPI1,2024-05-01,29.09,14.0
35002,DV-KPI1,2024-06-01,27.8,14.0
35002,DV-KPI1,2024-07-01,28.51,14.0
35002,DV-KPI1,2024-08-01,27.97,14.0
35002,DV-KPI1,2024-09-01,27.08,14.0
35002,DV-KPI1,2024-10-01,35.12,14.0
35002,DV-KPI1,2024-11-01,35.76,14.0
35002,DV-KPI1,2024-12-01,34.01,14.0
35002,DV-KPI2,2024-01-01,90.42,95.0
35002,DV-KPI2,2024-02-01,93.75,95.0
35002,DV-KPI2,2024-03-01,89.31,95.0
35002,DV-KPI2,2024-04-01,92.82,95.0
35002,DV-KPI2,2024-05-01,88.21,95.0
35002,DV-KPI2,2024-06-01,92.99,95.0
35002,DV-KPI2,2024-07-01,90.63,95.0
35002,DV-KPI2,2024-08-01,90.75,95.0
35002,DV-KPI2,2024-09-01,89.26,95.0
35002,DV-KPI2,2024-10-01,87.0,95.0
35002,DV-KPI2,2024-11-01,90.15,95.0
35002,DV-KPI2,2024-12-01,91.34,95.0
35002,DV-KPI3,2024-01-01,6.98,5.0
35002,DV-KPI3,2024-02-01,7.55,5.0
35002,DV-KPI3,2024-03-01,7.5,5.0
35002,DV-KPI3,2024-04-01,9.92,5.0
35002,DV-KPI3,2024-05-01,9.5,5.0
35002,DV-KPI3,2024-06-01,9.63,5.0
35002,DV-KPI3,2024-07-01,9.82,5.0
35002,DV-KPI3,2024-08-01,9.31,5.0
35002,DV-KPI3,2024-09-01,9.48,5.0
35002,DV-KPI3,2024-10-01,11.2,5.0
35002,DV-KPI3,2024-11-01,11.81,5.0
35002,DV-KPI3,2024-12-01,11.63,5.0
35002,DV-KPI4,2024-01-01,89.4,95.0
35002,DV-KPI4,2024-02-01,91.48,95.0
35002,DV-KPI4,2024-03-01,93.84,95.0
35002,DV-KPI4,2024-04-01,83.14,95.0
35002,DV-KPI4,2024-05-01,85.75,95.0
35002,DV-KPI4,2024-06-01,90.63,95.0
35002,DV-KPI4,2024-07-01,85.55,95.0
35002,DV-KPI4,2024-08-01,88.49,95.0
35002,DV-KPI4,2024-09-01,91.14,95.0
35002,DV-KPI4,2024-10-01,80.4,95.0
35002,DV-KPI4,2024-11-01,80.86,95.0
35002,DV-KPI4,2024-12-01,86.88,95.0
35002,DV-KPI5,2024-01-01,88.87,90.0
35002,DV-KPI5,2024-02-01,84.21,90.0
35002,DV-KPI5,2024-03-01,90.12,90.0
35002,DV-KPI5,2024-04-01,82.61,90.0
35002,DV-KPI5,2024-05-01,86.93,90.0
35002,DV-KPI5,2024-06-01,80.37,90.0
35002,DV-KPI5,2024-07-01,81.14,90.0
35002,DV-KPI5,2024-08-01,85.06,90.0
35002,DV-KPI5,2024-09-01,80.95,90.0
35002,DV-KPI5,2024-10-01,81.58,90.0
35002,DV-KPI5,2024-11-01,80.96,90.0
35002,DV-KPI5,2024-12-01,78.04,90.0
35002,DV-KPI6,2024-01-01,83.35,85.0
35002,DV-KPI6,2024-02-01,82.67,85.0
35002,DV-KPI6,2024-03-01,83.86,85.0
35002,DV-KPI6,2024-04-01,77.74,85.0
35002,DV-KPI6,2024-05-01,76.68,85.0
35002,DV-KPI6,2024-06-01,77.46,85.0
35002,DV-KPI6,2024-07-01,74.62,85.0
35002,DV-KPI6,2024-08-01,74.26,85.0
35002,DV-KPI6,2024-09-01,81.37,85.0
35002,DV-KPI6,2024-10-01,74.1,85.0
35002,DV-KPI6,2024-11-01,72.57,85.0
35002,DV-KPI6,2024-12-01,75.72,85.0
35002,EX-KPI1,2024-01-01,1.82,2.0
35002,EX-KPI1,2024-02-01,1.78,2.0
35002,EX-KPI1,2024-03-01,1.79,2.0
35002,EX-KPI1,2024-04-01,1.6,2.0
35002,EX-KPI1,2024-05-01,1.59,2.0
35002,EX-KPI1,2024-06-01,1.55,2.0
35002,EX-KPI1,2024-07-01,1.54,2.0
35002,EX-KPI1,2024-08-01,1.56,2.0
35002,EX-KPI1,2024-09-01,1.53,2.0
35002,EX-KPI1,2024-10-01,1.35,2.0
35002,EX-KPI1,2024-11-01,1.34,2.0
35002,EX-KPI1,2024-12-01,1.29,2.0
35002,EX-KPI2,2024-01-01,28.01,30.0
35002,EX-KPI2,2024-02-01,27.34,30.0
35002,EX-KPI2,2024-03-01,25.86,30.0
35002,EX-KPI2,2024-04-01,23.69,30.0
35002,EX-KPI2,2024-05-01,25.14,30.0
35002,EX-KPI2,2024-06-01,23.56,30.0
35002,EX-KPI2,2024-07-01,24.39,30.0
35002,EX-KPI2,2024-08-01,24.33,30.0
35002,EX-KPI2,2024-09-01,24.26,30.0
35002,EX-KPI2,2024-10-01,20.66,30.0
35002,EX-KPI2,2024-11-01,21.57,30.0
35002,EX-KPI2,2024-12-01,20.94,30.0
35002,EX-KPI3,2024-01-01,21.62,25.0
35002,EX-KPI3,2024-02-01,23.06,25.0
35002,EX-KPI3,2024-03-01,21.46,25.0
35002,EX-KPI3,2024-04-01,19.33,25.0
35002,EX-KPI3,2024-05-01,18.85,25.0
35002,EX-KPI3,2024-06-01,19.2,25.0
35002,EX-KPI3,2024-07-01,19.23,25.0
35002,EX-KPI3,2024-08-01,18.41,25.0
35002,EX-KPI3,2024-09-01,18.69,25.0
35002,EX-KPI3,2024-10-01,15.63,25.0
35002,EX-KPI3,2024-11-01,16.15,25.0
35002,EX-KPI3,2024-12-01,16.41,25.0
35002,EX-KPI4,2024-01-01,93.4,95.0
35002,EX-KPI4,2024-02-01,89.69,95.0
35002,EX-KPI4,2024-03-01,92.81,95.0
35002,EX-KPI4,2024-04-01,86.47,95.0
35002,EX-KPI4,2024-05-01,89.7,95.0
35002,EX-KPI4,2024-06-01,88.45,95.0
35002,EX-KPI4,2024-07-01,84.84,95.0
35002,EX-KPI4,2024-08-01,91.69,95.0
35002,EX-KPI4,2024-09-01,83.65,95.0
35002,EX-KPI4,2024-10-01,85.05,95.0
35002,EX-KPI4,2024-11-01,86.8,95.0
35002,EX-KPI4,2024-12-01,82.34,95.0
35002,EX-KPI5,2024-01-01,4.59,5.0
35002,EX-KPI5,2024-02-01,4.31,5.0
35002,EX-KPI5,2024-03-01,4.48,5.0
35002,EX-KPI5,2024-04-01,3.84,5.0
35002,EX-KPI5,2024-05-01,3.62,5.0
35002,EX-KPI5,2024-06-01,3.98,5.0
35002,EX-KPI5,2024-07-01,3.9,5.0
35002,EX-KPI5,2024-08-01,3.76,5.0
35002,EX-KPI5,2024-09-01,3.94,5.0
35002,EX-KPI5,2024-10-01,3.2,5.0
35002,EX-KPI5,2024-11-01,3.05,5.0
35002,EX-KPI5,2024-12-01,3.17,5.0
35002,EX-KPI6,2024-01-01,17.42,20.0
35002,EX-KPI6,2024-02-01,16.75,20.0
35002,EX-KPI6,2024-03-01,17.44,20.0
35002,EX-KPI6,2024-04-01,14.6,20.0
35002,EX-KPI6,2024-05-01,13.85,20.0
35002,EX-KPI6,2024-06-01,14.34,20.0
35002,EX-KPI6,2024-07-01,14.31,20.0
35002,EX-KPI6,2024-08-01,13.76,20.0
35002,EX-KPI6,2024-09-01,13.92,20.0
35002,EX-KPI6,2024-10-01,11.11,20.0
35002,EX-KPI6,2024-11-01,10.74,20.0
35002,EX-KPI6,2024-12-01,10.59,20.0
35002,EX-KPI7,2024-01-01,3.81,4.0
35002,EX-KPI7,2024-02-01,3.55,4.0
35002,EX-KPI7,2024-03-01,3.57,4.0
35002,EX-KPI7,2024-04-01,3.57,4.0
35002,EX-KPI7,2024-05-01,3.52,4.0
35002,EX-KPI7,2024-06-01,3.23,4.0
35002,EX-KPI7,2024-07-01,3.55,4.0
35002,EX-KPI7,2024-08-01,3.54,4.0
35002,EX-KPI7,2024-09-01,3.43,4.0
35002,EX-KPI7,2024-10-01,2.96,4.0
35002,EX-KPI7,2024-11-01,3.23,4.0
35002,EX-KPI7,2024-12-01,3.25,4.0
35002,EX-KPI8,2024-01-01,78.2,85.0
35002,EX-KPI8,2024-02-01,77.62,85.0
35002,EX-KPI8,2024-03-01,84.07,85.0
35002,EX-KPI8,2024-04-01,79.34,85.0
35002,EX-KPI8,2024-05-01,78.2,85.0
35002,EX-KPI8,2024-06-01,80.3,85.0
35002,EX-KPI8,2024-07-01,79.25,85.0
35002,EX-KPI8,2024-08-01,77.66,85.0
35002,EX-KPI8,2024-09-01,75.17,85.0
35002,EX-KPI8,2024-10-01,76.65,85.0
35002,EX-KPI8,2024-11-01,74.3,85.0
35002,EX-KPI8,2024-12-01,74.06,85.0
35002,OS-KPI1,2024-01-01,100.0,99.9
35002,OS-KPI1,2024-02-01,100.0,99.9
35002,OS-KPI1,2024-03-01,98.0,99.9
35002,OS-KPI1,2024-04-01,100.0,99.9
35002,OS-KPI1,2024-05-01,99.57,99.9
35002,OS-KPI1,2024-06-01,98.52,99.9
35002,OS-KPI1,2024-07-01,100.0,99.9
35002,OS-KPI1,2024-08-01,100.0,99.9
35002,OS-KPI1,2024-09-01,100.0,99.9
35002,OS-KPI1,2024-10-01,100.0,99.9
35002,OS-KPI1,2024-11-01,98.0,99.9
35002,OS-KPI1,2024-12-01,98.0,99.9
35002,OS-KPI2,2024-01-01,2.83,2.0
35002,OS-KPI2,2024-02-01,2.79,2.0
35002,OS-KPI2,2024-03-01,2.99,2.0
35002,OS-KPI2,2024-04-01,3.75,2.0
35002,OS-KPI2,2024-05-01,3.65,2.0
35002,OS-KPI2,2024-06-01,3.76,2.0
35002,OS-KPI2,2024-07-01,3.87,2.0
35002,OS-KPI2,2024-08-01,3.8,2.0
35002,OS-KPI2,2024-09-01,3.61,2.0
35002,OS-KPI2,2024-10-01,4.77,2.0
35002,OS-KPI2,2024-11-01,4.87,2.0
35002,OS-KPI2,2024-12-01,4.62,2.0
35002,OS-KPI3,2024-01-01,3.1,2.0
35002,OS-KPI3,2024-02-01,3.09,2.0
35002,OS-KPI3,2024-03-01,3.3,2.0
35002,OS-KPI3,2024-04-01,4.46,2.0
35002,OS-KPI3,2024-05-01,4.2,2.0
35002,OS-KPI3,2024-06-01,4.24,2.0
35002,OS-KPI3,2024-07-01,4.33,2.0
35002,OS-KPI3,2024-08-01,4.55,2.0
35002,OS-KPI3,2024-09-01,4.2,2.0
35002,OS-KPI3,2024-10-01,5.69,2.0
35002,OS-KPI3,2024-11-01,5.35,2.0
35002,OS-KPI3,2024-12-01,5.66,2.0
35002,OS-KPI4,2024-01-01,100.0,99.0
35002,OS-KPI4,2024-02-01,96.23,99.0
35002,OS-KPI4,2024-03-01,100.0,99.0
35002,OS-KPI4,2024-04-01,99.91,99.0
35002,OS-KPI4,2024-05-01,98.23,99.0
35002,OS-KPI4,2024-06-01,96.64,99.0
35002,OS-KPI4,2024-07-01,95.78,99.0
35002,OS-KPI4,2024-08-01,95.0,99.0
35002,OS-KPI4,2024-09-01,100.0,99.0
35002,OS-KPI4,2024-10-01,95.0,99.0
35002,OS-KPI4,2024-11-01,95.94,99.0
35002,OS-KPI4,2024-12-01,99.94,99.0
35002,OS-KPI5,2024-01-01,99.63,98.0
35002,OS-KPI5,2024-02-01,97.44,98.0
35002,OS-KPI5,2024-03-01,100.0,98.0
35002,OS-KPI5,2024-04-01,93.65,98.0
35002,OS-KPI5,2024-05-01,94.15,98.0
35002,OS-KPI5,2024-06-01,99.52,98.0
35002,OS-KPI5,2024-07-01,97.69,98.0
35002,OS-KPI5,2024-08-01,92.13,98.0
35002,OS-KPI5,2024-09-01,97.27,98.0
35002,OS-KPI5,2024-10-01,97.29,98.0
35002,OS-KPI5,2024-11-01,93.52,98.0
35002,OS-KPI5,2024-12-01,97.58,98.0
35002,OS-KPI6,2024-01-01,99.77,100.0
35002,OS-KPI6,2024-02-01,100.0,100.0
35002,OS-KPI6,2024-03-01,99.19,100.0
35002,OS-KPI6,2024-04-01,95.78,100.0
35002,OS-KPI6,2024-05-01,97.76,100.0
35002,OS-KPI6,2024-06-01,96.28,100.0
35002,OS-KPI6,2024-07-01,95.0,100.0
35002,OS-KPI6,2024-08-01,95.11,100.0
35002,OS-KPI6,2024-09-01,100.0,100.0
35002,OS-KPI6,2024-10-01,95.0,100.0
35002,OS-KPI6,2024-11-01,99.47,100.0
35002,OS-KPI6,2024-12-01,100.0,100.0
35002,OS-KPI7,2024-01-01,2.38,2.0
35002,OS-KPI7,2024-02-01,2.52,2.0
35002,OS-KPI7,2024-03-01,2.48,2.0
35002,OS-KPI7,2024-04-01,2.95,2.0
35002,OS-KPI7,2024-05-01,2.99,2.0
35002,OS-KPI7,2024-06-01,2.82,2.0
35002,OS-KPI7,2024-07-01,2.87,2.0
35002,OS-KPI7,2024-08-01,3.02,2.0
35002,OS-KPI7,2024-09-01,2.85,2.0
35002,OS-KPI7,2024-10-01,3.41,2.0
35002,OS-KPI7,2024-11-01,3.27,2.0
35002,OS-KPI7,2024-12-01,3.31,2.0
35003,AI-KPI1,2024-01-01,78.11,85.0
35003,AI-KPI1,2024-02-01,84.95,85.0
35003,AI-KPI1,2024-03-01,82.84,85.0
35003,AI-KPI1,2024-04-01,83.53,85.0
35003,AI-KPI1,2024-05-01,84.55,85.0
35003,AI-KPI1,2024-06-01,78.1,85.0
35003,AI-KPI1,2024-07-01,79.38,85.0
35003,AI-KPI1,2024-08-01,81.33,85.0
35003,AI-KPI1,2024-09-01,82.3,85.0
35003,AI-KPI1,2024-10-01,83.74,85.0
35003,AI-KPI1,2024-11-01,84.72,85.0
35003,AI-KPI1,2024-12-01,83.39,85.0
35003,AI-KPI2,2024-01-01,73.57,80.0
35003,AI-KPI2,2024-02-01,76.72,80.0
35003,AI-KPI2,2024-03-01,76.3,80.0
35003,AI-KPI2,2024-04-01,74.68,80.0
35003,AI-KPI2,2024-05-01,75.98,80.0
35003,AI-KPI2,2024-06-01,78.01,80.0
35003,AI-KPI2,2024-07-01,74.65,80.0
35003,AI-KPI2,2024-08-01,76.0,80.0
35003,AI-KPI2,2024-09-01,77.47,80.0
35003,AI-KPI2,2024-10-01,74.84,80.0
35003,AI-KPI2,2024-11-01,73.98,80.0
35003,AI-KPI2,2024-12-01,75.72,80.0
35003,AI-KPI3,2024-01-01,31.61,24.0
35003,AI-KPI3,2024-02-01,31.73,24.0
35003,AI-KPI3,2024-03-01,30.53,24.0
35003,AI-KPI3,2024-04-01,31.97,24.0
35003,AI-KPI3,2024-05-01,31.65,24.0
35003,AI-KPI3,2024-06-01,32.71,24.0
35003,AI-KPI3,2024-07-01,30.94,24.0
35003,AI-KPI3,2024-08-01,29.93,24.0
35003,AI-KPI3,2024-09-01,31.83,24.0
35003,AI-KPI3,2024-10-01,32.2,24.0
35003,AI-KPI3,2024-11-01,30.55,24.0
35003,AI-KPI3,2024-12-01,31.15,24.0
35003,AI-KPI4,2024-01-01,73.08,50.0
35003,AI-KPI4,2024-02-01,74.34,50.0
35003,AI-KPI4,2024-03-01,75.04,50.0
35003,AI-KPI4,2024-04-01,71.21,50.0
35003,AI-KPI4,2024-05-01,69.02,50.0
35003,AI-KPI4,2024-06-01,72.84,50.0
35003,AI-KPI4,2024-07-01,69.14,50.0
35003,AI-KPI4,2024-08-01,72.1,50.0
35003,AI-KPI4,2024-09-01,71.06,50.0
35003,AI-KPI4,2024-10-01,70.74,50.0
35003,AI-KPI4,2024-11-01,69.09,50.0
35003,AI-KPI4,2024-12-01,71.57,50.0
35003,AI-KPI5,2024-01-01,93.03,98.0
35003,AI-KPI5,2024-02-01,93.69,98.0
35003,AI-KPI5,2024-03-01,99.96,98.0
35003,AI-KPI5,2024-04-01,95.42,98.0
35003,AI-KPI5,2024-05-01,97.38,98.0
35003,AI-KPI5,2024-06-01,99.76,98.0
35003,AI-KPI5,2024-07-01,96.55,98.0
35003,AI-KPI5,2024-08-01,97.8,98.0
35003,AI-KPI5,2024-09-01,98.47,98.0
35003,AI-KPI5,2024-10-01,96.88,98.0
35003,AI-KPI5,2024-11-01,95.84,98.0
35003,AI-KPI5,2024-12-01,99.26,98.0
35003,AI-KPI6,2024-01-01,85.54,90.0
35003,AI-KPI6,2024-02-01,86.75,90.0
35003,AI-KPI6,2024-03-01,86.89,90.0
35003,AI-KPI6,2024-04-01,88.06,90.0
35003,AI-KPI6,2024-05-01,90.51,90.0
35003,AI-KPI6,2024-06-01,84.94,90.0
35003,AI-KPI6,2024-07-01,90.17,90.0
35003,AI-KPI6,2024-08-01,89.88,90.0
35003,AI-KPI6,2024-09-01,83.33,90.0
35003,AI-KPI6,2024-10-01,84.94,90.0
35003,AI-KPI6,2024-11-01,85.54,90.0
35003,AI-KPI6,2024-12-01,90.92,90.0
35003,CH-KPI1,2024-01-01,79.99,85.0
35003,CH-KPI1,2024-02-01,85.13,85.0
35003,CH-KPI1,2024-03-01,83.79,85.0
35003,CH-KPI1,2024-04-01,83.39,85.0
35003,CH-KPI1,2024-05-01,81.95,85.0
35003,CH-KPI1,2024-06-01,80.41,85.0
35003,CH-KPI1,2024-07-01,78.15,85.0
35003,CH-KPI1,2024-08-01,79.76,85.0
35003,CH-KPI1,2024-09-01,79.15,85.0
35003,CH-KPI1,2024-10-01,78.13,85.0
35003,CH-KPI1,2024-11-01,84.56,85.0
35003,CH-KPI1,2024-12-01,77.26,85.0
35003,CH-KPI2,2024-01-01,32.44,20.0
35003,CH-KPI2,2024-02-01,31.13,20.0
35003,CH-KPI2,2024-03-01,32.62,20.0
35003,CH-KPI2,2024-04-01,30.91,20.0
35003,CH-KPI2,2024-05-01,32.36,20.0
35003,CH-KPI2,2024-06-01,32.17,20.0
35003,CH-KPI2,2024-07-01,31.67,20.0
35003,CH-KPI2,2024-08-01,30.96,20.0
35003,CH-KPI2,2024-09-01,30.41,20.0
35003,CH-KPI2,2024-10-01,31.81,20.0
35003,CH-KPI2,2024-11-01,33.08,20.0
35003,CH-KPI2,2024-12-01,32.09,20.0
35003,CH-KPI3,2024-01-01,79.02,80.0
35003,CH-KPI3,2024-02-01,71.88,80.0
35003,CH-KPI3,2024-03-01,73.36,80.0
35003,CH-KPI3,2024-04-01,74.43,80.0
35003,CH-KPI3,2024-05-01,76.64,80.0
35003,CH-KPI3,2024-06-01,73.78,80.0
35003,CH-KPI3,2024-07-01,75.9,80.0
35003,CH-KPI3,2024-08-01,78.62,80.0
35003,CH-KPI3,2024-09-01,75.11,80.0
35003,CH-KPI3,2024-10-01,79.16,80.0
35003,CH-KPI3,2024-11-01,76.72,80.0
35003,CH-KPI3,2024-12-01,77.94,80.0
35003,CH-KPI4,2024-01-01,4.17,4.5
35003,CH-KPI4,2024-02-01,4.44,4.5
35003,CH-KPI4,2024-03-01,4.46,4.5
35003,CH-KPI4,2024-04-01,4.2,4.5
35003,CH-KPI4,2024-05-01,4.22,4.5
35003,CH-KPI4,2024-06-01,4.1,4.5
35003,CH-KPI4,2024-07-01,4.39,4.5
35003,CH-KPI4,2024-08-01,4.38,4.5
35003,CH-KPI4,2024-09-01,4.27,4.5
35003,CH-KPI4,2024-10-01,4.28,4.5
35003,CH-KPI4,2024-11-01,4.16,4.5
35003,CH-KPI4,2024-12-01,4.48,4.5
35003,CH-KPI5,2024-01-01,72.59,75.0
35003,CH-KPI5,2024-02-01,68.44,75.0
35003,CH-KPI5,2024-03-01,72.9,75.0
35003,CH-KPI5,2024-04-01,71.69,75.0
35003,CH-KPI5,2024-05-01,74.71,75.0
35003,CH-KPI5,2024-06-01,67.95,75.0
35003,CH-KPI5,2024-07-01,74.66,75.0
35003,CH-KPI5,2024-08-01,72.18,75.0
35003,CH-KPI5,2024-09-01,71.41,75.0
35003,CH-KPI5,2024-10-01,70.1,75.0
35003,CH-KPI5,2024-11-01,70.3,75.0
35003,CH-KPI5,2024-12-01,73.8,75.0
35003,CH-KPI6,2024-01-01,99.66,90.0
35003,CH-KPI6,2024-02-01,104.36,90.0
35003,CH-KPI6,2024-03-01,105.54,90.0
35003,CH-KPI6,2024-04-01,106.76,90.0
35003,CH-KPI6,2024-05-01,106.7,90.0
35003,CH-KPI6,2024-06-01,104.6,90.0
35003,CH-KPI6,2024-07-01,103.0,90.0
35003,CH-KPI6,2024-08-01,103.2,90.0
35003,CH-KPI6,2024-09-01,105.59,90.0
35003,CH-KPI6,2024-10-01,100.62,90.0
35003,CH-KPI6,2024-11-01,101.15,90.0
35003,CH-KPI6,2024-12-01,106.57,90.0
35003,DV-KPI1,2024-01-01,20.28,14.0
35003,DV-KPI1,2024-02-01,20.81,14.0
35003,DV-KPI1,2024-03-01,21.7,14.0
35003,DV-KPI1,2024-04-01,21.51,14.0
35003,DV-KPI1,2024-05-01,21.0,14.0
35003,DV-KPI1,2024-06-01,21.51,14.0
35003,DV-KPI1,2024-07-01,21.03,14.0
35003,DV-KPI1,2024-08-01,20.5,14.0
35003,DV-KPI1,2024-09-01,20.82,14.0
35003,DV-KPI1,2024-10-01,21.52,14.0
35003,DV-KPI1,2024-11-01,20.23,14.0
35003,DV-KPI1,2024-12-01,21.57,14.0
35003,DV-KPI2,2024-01-01,92.73,95.0
35003,DV-KPI2,2024-02-01,89.16,95.0
35003,DV-KPI2,2024-03-01,91.68,95.0
35003,DV-KPI2,2024-04-01,88.54,95.0
35003,DV-KPI2,2024-05-01,92.63,95.0
35003,DV-KPI2,2024-06-01,91.14,95.0
35003,DV-KPI2,2024-07-01,93.6,95.0
35003,DV-KPI2,2024-08-01,92.8,95.0
35003,DV-KPI2,2024-09-01,94.2,95.0
35003,DV-KPI2,2024-10-01,95.19,95.0
35003,DV-KPI2,2024-11-01,95.51,95.0
35003,DV-KPI2,2024-12-01,96.42,95.0
35003,DV-KPI3,2024-01-01,7.22,5.0
35003,DV-KPI3,2024-02-01,7.12,5.0
35003,DV-KPI3,2024-03-01,7.18,5.0
35003,DV-KPI3,2024-04-01,7.38,5.0
35003,DV-KPI3,2024-05-01,7.19,5.0
35003,DV-KPI3,2024-06-01,6.97,5.0
35003,DV-KPI3,2024-07-01,7.22,5.0
35003,DV-KPI3,2024-08-01,7.21,5.0
35003,DV-KPI3,2024-09-01,7.19,5.0
35003,DV-KPI3,2024-10-01,7.17,5.0
35003,DV-KPI3,2024-11-01,7.15,5.0
35003,DV-KPI3,2024-12-01,6.99,5.0
35003,DV-KPI4,2024-01-01,90.34,95.0
35003,DV-KPI4,2024-02-01,87.42,95.0
35003,DV-KPI4,2024-03-01,91.5,95.0
35003,DV-KPI4,2024-04-01,87.44,95.0
35003,DV-KPI4,2024-05-01,90.56,95.0
35003,DV-KPI4,2024-06-01,87.21,95.0
35003,DV-KPI4,2024-07-01,91.58,95.0
35003,DV-KPI4,2024-08-01,94.33,95.0
35003,DV-KPI4,2024-09-01,95.34,95.0
35003,DV-KPI4,2024-10-01,94.98,95.0
35003,DV-KPI4,2024-11-01,88.56,95.0
35003,DV-KPI4,2024-12-01,93.17,95.0
35003,DV-KPI5,2024-01-01,85.83,90.0
35003,DV-KPI5,2024-02-01,88.8,90.0
35003,DV-KPI5,2024-03-01,89.91,90.0
35003,DV-KPI5,2024-04-01,85.7,90.0
35003,DV-KPI5,2024-05-01,91.04,90.0
35003,DV-KPI5,2024-06-01,90.74,90.0
35003,DV-KPI5,2024-07-01,85.15,90.0
35003,DV-KPI5,2024-08-01,89.12,90.0
35003,DV-KPI5,2024-09-01,87.36,90.0
35003,DV-KPI5,2024-10-01,89.44,90.0
35003,DV-KPI5,2024-11-01,89.92,90.0
35003,DV-KPI5,2024-12-01,83.97,90.0
35003,DV-KPI6,2024-01-01,77.53,85.0
35003,DV-KPI6,2024-02-01,84.94,85.0
35003,DV-KPI6,2024-03-01,77.73,85.0
35003,DV-KPI6,2024-04-01,80.07,85.0
35003,DV-KPI6,2024-05-01,78.69,85.0
35003,DV-KPI6,2024-06-01,84.32,85.0
35003,DV-KPI6,2024-07-01,81.87,85.0
35003,DV-KPI6,2024-08-01,82.24,85.0
35003,DV-KPI6,2024-09-01,80.41,85.0
35003,DV-KPI6,2024-10-01,81.95,85.0
35003,DV-KPI6,2024-11-01,78.94,85.0
35003,DV-KPI6,2024-12-01,80.39,85.0
35003,EX-KPI1,2024-01-01,1.7,2.0
35003,EX-KPI1,2024-02-01,1.84,2.0
35003,EX-KPI1,2024-03-01,1.78,2.0
35003,EX-KPI1,2024-04-01,1.82,2.0
35003,EX-KPI1,2024-05-01,1.7,2.0
35003,EX-KPI1,2024-06-01,1.69,2.0
35003,EX-KPI1,2024-07-01,1.85,2.0
35003,EX-KPI1,2024-08-01,1.85,2.0
35003,EX-KPI1,2024-09-01,1.76,2.0
35003,EX-KPI1,2024-10-01,1.75,2.0
35003,EX-KPI1,2024-11-01,1.69,2.0
35003,EX-KPI1,2024-12-01,1.78,2.0
35003,EX-KPI2,2024-01-01,27.63,30.0
35003,EX-KPI2,2024-02-01,26.5,30.0
35003,EX-KPI2,2024-03-01,26.9,30.0
35003,EX-KPI2,2024-04-01,27.57,30.0
35003,EX-KPI2,2024-05-01,27.03,30.0
35003,EX-KPI2,2024-06-01,25.76,30.0
35003,EX-KPI2,2024-07-01,27.44,30.0
35003,EX-KPI2,2024-08-01,27.7,30.0
35003,EX-KPI2,2024-09-01,27.08,30.0
35003,EX-KPI2,2024-10-01,28.13,30.0
35003,EX-KPI2,2024-11-01,27.83,30.0
35003,EX-KPI2,2024-12-01,26.55,30.0
35003,EX-KPI3,2024-01-01,22.48,25.0
35003,EX-KPI3,2024-02-01,22.95,25.0
35003,EX-KPI3,2024-03-01,22.99,25.0
35003,EX-KPI3,2024-04-01,22.27,25.0
35003,EX-KPI3,2024-05-01,21.19,25.0
35003,EX-KPI3,2024-06-01,22.54,25.0
35003,EX-KPI3,2024-07-01,22.9,25.0
35003,EX-KPI3,2024-08-01,21.48,25.0
35003,EX-KPI3,2024-09-01,21.3,25.0
35003,EX-KPI3,2024-10-01,22.33,25.0
35003,EX-KPI3,2024-11-01,22.56,25.0
35003,EX-KPI3,2024-12-01,22.5,25.0
35003,EX-KPI4,2024-01-01,91.71,95.0
35003,EX-KPI4,2024-02-01,91.48,95.0
35003,EX-KPI4,2024-03-01,91.44,95.0
35003,EX-KPI4,2024-04-01,93.8,95.0
35003,EX-KPI4,2024-05-01,89.29,95.0
35003,EX-KPI4,2024-06-01,87.48,95.0
35003,EX-KPI4,2024-07-01,92.64,95.0
35003,EX-KPI4,2024-08-01,95.58,95.0
35003,EX-KPI4,2024-09-01,86.71,95.0
35003,EX-KPI4,2024-10-01,92.48,95.0
35003,EX-KPI4,2024-11-01,93.29,95.0
35003,EX-KPI4,2024-12-01,92.17,95.0
35003,EX-KPI5,2024-01-01,4.5,5.0
35003,EX-KPI5,2024-02-01,4.43,5.0
35003,EX-KPI5,2024-03-01,4.2,5.0
35003,EX-KPI5,2024-04-01,4.57,5.0
35003,EX-KPI5,2024-05-01,4.62,5.0
35003,EX-KPI5,2024-06-01,4.26,5.0
35003,EX-KPI5,2024-07-01,4.23,5.0
35003,EX-KPI5,2024-08-01,4.35,5.0
35003,EX-KPI5,2024-09-01,4.62,5.0
35003,EX-KPI5,2024-10-01,4.24,5.0
35003,EX-KPI5,2024-11-01,4.39,5.0
35003,EX-KPI5,2024-12-01,4.56,5.0
35003,EX-KPI6,2024-01-01,17.68,20.0
35003,EX-KPI6,2024-02-01,17.67,20.0
35003,EX-KPI6,2024-03-01,17.81,20.0
35003,EX-KPI6,2024-04-01,17.65,20.0
35003,EX-KPI6,2024-05-01,17.14,20.0
35003,EX-KPI6,2024-06-01,16.74,20.0
35003,EX-KPI6,2024-07-01,17.39,20.0
35003,EX-KPI6,2024-08-01,16.61,20.0
35003,EX-KPI6,2024-09-01,16.36,20.0
35003,EX-KPI6,2024-10-01,16.8,20.0
35003,EX-KPI6,2024-11-01,16.42,20.0
35003,EX-KPI6,2024-12-01,16.65,20.0
35003,EX-KPI7,2024-01-01,3.85,4.0
35003,EX-KPI7,2024-02-01,3.52,4.0
35003,EX-KPI7,2024-03-01,3.7,4.0
35003,EX-KPI7,2024-04-01,3.64,4.0
35003,EX-KPI7,2024-05-01,3.78,4.0
35003,EX-KPI7,2024-06-01,3.81,4.0
35003,EX-KPI7,2024-07-01,3.65,4.0
35003,EX-KPI7,2024-08-01,3.84,4.0
35003,EX-KPI7,2024-09-01,3.79,4.0
35003,EX-KPI7,2024-10-01,3.66,4.0
35003,EX-KPI7,2024-11-01,3.6,4.0
35003,EX-KPI7,2024-12-01,3.76,4.0
35003,EX-KPI8,2024-01-01,78.2,85.0
35003,EX-KPI8,2024-02-01,85.01,85.0
35003,EX-KPI8,2024-03-01,78.98,85.0
35003,EX-KPI8,2024-04-01,81.68,85.0
35003,EX-KPI8,2024-05-01,83.69,85.0
35003,EX-KPI8,2024-06-01,85.02,85.0
35003,EX-KPI8,2024-07-01,81.58,85.0
35003,EX-KPI8,2024-08-01,79.11,85.0
35003,EX-KPI8,2024-09-01,78.77,85.0
35003,EX-KPI8,2024-10-01,81.59,85.0
35003,EX-KPI8,2024-11-01,85.09,85.0
35003,EX-KPI8,2024-12-01,81.95,85.0
35003,OS-KPI1,2024-01-01,98.0,99.9
35003,OS-KPI1,2024-02-01,100.0,99.9
35003,OS-KPI1,2024-03-01,100.0,99.9
35003,OS-KPI1,2024-04-01,98.0,99.9
35003,OS-KPI1,2024-05-01,98.07,99.9
35003,OS-KPI1,2024-06-01,98.0,99.9
35003,OS-KPI1,2024-07-01,100.0,99.9
35003,OS-KPI1,2024-08-01,100.0,99.9
35003,OS-KPI1,2024-09-01,99.78,99.9
35003,OS-KPI1,2024-10-01,100.0,99.9
35003,OS-KPI1,2024-11-01,99.5,99.9
35003,OS-KPI1,2024-12-01,100.0,99.9
35003,OS-KPI2,2024-01-01,2.87,2.0
35003,OS-KPI2,2024-02-01,2.91,2.0
35003,OS-KPI2,2024-03-01,2.77,2.0
35003,OS-KPI2,2024-04-01,3.01,2.0
35003,OS-KPI2,2024-05-01,3.02,2.0
35003,OS-KPI2,2024-06-01,2.77,2.0
35003,OS-KPI2,2024-07-01,2.93,2.0
35003,OS-KPI2,2024-08-01,2.8,2.0
35003,OS-KPI2,2024-09-01,3.04,2.0
35003,OS-KPI2,2024-10-01,2.99,2.0
35003,OS-KPI2,2024-11-01,2.89,2.0
35003,OS-KPI2,2024-12-01,2.88,2.0
35003,OS-KPI3,2024-01-01,3.14,2.0
35003,OS-KPI3,2024-02-01,3.18,2.0
35003,OS-KPI3,2024-03-01,3.18,2.0
35003,OS-KPI3,2024-04-01,3.15,2.0
35003,OS-KPI3,2024-05-01,3.35,2.0
35003,OS-KPI3,2024-06-01,3.25,2.0
35003,OS-KPI3,2024-07-01,3.33,2.0
35003,OS-KPI3,2024-08-01,3.05,2.0
35003,OS-KPI3,2024-09-01,3.25,2.0
35003,OS-KPI3,2024-10-01,3.31,2.0
35003,OS-KPI3,2024-11-01,3.31,2.0
35003,OS-KPI3,2024-12-01,3.1,2.0
35003,OS-KPI4,2024-01-01,96.33,99.0
35003,OS-KPI4,2024-02-01,100.0,99.0
35003,OS-KPI4,2024-03-01,96.33,99.0
35003,OS-KPI4,2024-04-01,100.0,99.0
35003,OS-KPI4,2024-05-01,97.37,99.0
35003,OS-KPI4,2024-06-01,95.17,99.0
35003,OS-KPI4,2024-07-01,100.0,99.0
35003,OS-KPI4,2024-08-01,96.73,99.0
35003,OS-KPI4,2024-09-01,98.95,99.0
35003,OS-KPI4,2024-10-01,98.44,99.0
35003,OS-KPI4,2024-11-01,97.66,99.0
35003,OS-KPI4,2024-12-01,99.21,99.0
35003,OS-KPI5,2024-01-01,100.0,98.0
35003,OS-KPI5,2024-02-01,92.67,98.0
35003,OS-KPI5,2024-03-01,95.76,98.0
35003,OS-KPI5,2024-04-01,92.78,98.0
35003,OS-KPI5,2024-05-01,94.08,98.0
35003,OS-KPI5,2024-06-01,99.03,98.0
35003,OS-KPI5,2024-07-01,94.18,98.0
35003,OS-KPI5,2024-08-01,99.6,98.0
35003,OS-KPI5,2024-09-01,100.0,98.0
35003,OS-KPI5,2024-10-01,92.36,98.0
35003,OS-KPI5,2024-11-01,98.09,98.0
35003,OS-KPI5,2024-12-01,93.52,98.0
35003,OS-KPI6,2024-01-01,100.0,100.0
35003,OS-KPI6,2024-02-01,96.01,100.0
35003,OS-KPI6,2024-03-01,100.0,100.0
35003,OS-KPI6,2024-04-01,100.0,100.0
35003,OS-KPI6,2024-05-01,100.0,100.0
35003,OS-KPI6,2024-06-01,96.08,100.0
35003,OS-KPI6,2024-07-01,98.56,100.0
35003,OS-KPI6,2024-08-01,100.0,100.0
35003,OS-KPI6,2024-09-01,100.0,100.0
35003,OS-KPI6,2024-10-01,96.52,100.0
35003,OS-KPI6,2024-11-01,98.19,100.0
35003,OS-KPI6,2024-12-01,95.56,100.0
35003,OS-KPI7,2024-01-01,2.37,2.0
35003,OS-KPI7,2024-02-01,2.35,2.0
35003,OS-KPI7,2024-03-01,2.5,2.0
35003,OS-KPI7,2024-04-01,2.45,2.0
35003,OS-KPI7,2024-05-01,2.33,2.0
35003,OS-KPI7,2024-06-01,2.48,2.0
35003,OS-KPI7,2024-07-01,2.56,2.0
35003,OS-KPI7,2024-08-01,2.55,2.0
35003,OS-KPI7,2024-09-01,2.48,2.0
35003,OS-KPI7,2024-10-01,2.5,2.0
35003,OS-KPI7,2024-11-01,2.43,2.0
35003,OS-KPI7,2024-12-01,2.34,2.0
35004,AI-KPI1,2024-01-01,75.94,85.0
35004,AI-KPI1,2024-02-01,73.88,85.0
35004,AI-KPI1,2024-03-01,74.62,85.0
35004,AI-KPI1,2024-04-01,76.57,85.0
35004,AI-KPI1,2024-05-01,80.12,85.0
35004,AI-KPI1,2024-06-01,71.27,85.0
35004,AI-KPI1,2024-07-01,75.93,85.0
35004,AI-KPI1,2024-08-01,74.58,85.0
35004,AI-KPI1,2024-09-01,74.89,85.0
35004,AI-KPI1,2024-10-01,78.01,85.0
35004,AI-KPI1,2024-11-01,78.98,85.0
35004,AI-KPI1,2024-12-01,81.33,85.0
35004,AI-KPI2,2024-01-01,70.52,80.0
35004,AI-KPI2,2024-02-01,69.78,80.0
35004,AI-KPI2,2024-03-01,69.06,80.0
35004,AI-KPI2,2024-04-01,69.29,80.0
35004,AI-KPI2,2024-05-01,70.36,80.0
35004,AI-KPI2,2024-06-01,65.56,80.0
35004,AI-KPI2,2024-07-01,69.29,80.0
35004,AI-KPI2,2024-08-01,66.44,80.0
35004,AI-KPI2,2024-09-01,73.76,80.0
35004,AI-KPI2,2024-10-01,69.4,80.0
35004,AI-KPI2,2024-11-01,71.11,80.0
35004,AI-KPI2,2024-12-01,69.08,80.0
35004,AI-KPI3,2024-01-01,39.08,24.0
35004,AI-KPI3,2024-02-01,37.08,24.0
35004,AI-KPI3,2024-03-01,37.54,24.0
35004,AI-KPI3,2024-04-01,38.15,24.0
35004,AI-KPI3,2024-05-01,37.4,24.0
35004,AI-KPI3,2024-06-01,46.72,24.0
35004,AI-KPI3,2024-07-01,43.44,24.0
35004,AI-KPI3,2024-08-01,45.62,24.0
35004,AI-KPI3,2024-09-01,36.84,24.0
35004,AI-KPI3,2024-10-01,37.91,24.0
35004,AI-KPI3,2024-11-01,38.05,24.0
35004,AI-KPI3,2024-12-01,37.63,24.0
35004,AI-KPI4,2024-01-01,92.67,50.0
35004,AI-KPI4,2024-02-01,91.25,50.0
35004,AI-KPI4,2024-03-01,91.83,50.0
35004,AI-KPI4,2024-04-01,93.15,50.0
35004,AI-KPI4,2024-05-01,91.65,50.0
35004,AI-KPI4,2024-06-01,122.06,50.0
35004,AI-KPI4,2024-07-01,118.06,50.0
35004,AI-KPI4,2024-08-01,116.86,50.0
35004,AI-KPI4,2024-09-01,93.39,50.0
35004,AI-KPI4,2024-10-01,95.69,50.0
35004,AI-KPI4,2024-11-01,91.69,50.0
35004,AI-KPI4,2024-12-01,94.65,50.0
35004,AI-KPI5,2024-01-01,95.73,98.0
35004,AI-KPI5,2024-02-01,99.9,98.0
35004,AI-KPI5,2024-03-01,92.83,98.0
35004,AI-KPI5,2024-04-01,97.4,98.0
35004,AI-KPI5,2024-05-01,99.15,98.0
35004,AI-KPI5,2024-06-01,97.61,98.0
35004,AI-KPI5,2024-07-01,91.15,98.0
35004,AI-KPI5,2024-08-01,94.22,98.0
35004,AI-KPI5,2024-09-01,92.4,98.0
35004,AI-KPI5,2024-10-01,97.27,98.0
35004,AI-KPI5,2024-11-01,94.37,98.0
35004,AI-KPI5,2024-12-01,98.48,98.0
35004,AI-KPI6,2024-01-01,86.37,90.0
35004,AI-KPI6,2024-02-01,83.85,90.0
35004,AI-KPI6,2024-03-01,86.76,90.0
35004,AI-KPI6,2024-04-01,87.36,90.0
35004,AI-KPI6,2024-05-01,84.07,90.0
35004,AI-KPI6,2024-06-01,79.71,90.0
35004,AI-KPI6,2024-07-01,83.41,90.0
35004,AI-KPI6,2024-08-01,80.55,90.0
35004,AI-KPI6,2024-09-01,81.84,90.0
35004,AI-KPI6,2024-10-01,80.62,90.0
35004,AI-KPI6,2024-11-01,86.54,90.0
35004,AI-KPI6,2024-12-01,87.5,90.0
35004,CH-KPI1,2024-01-01,78.0,85.0
35004,CH-KPI1,2024-02-01,80.7,85.0
35004,CH-KPI1,2024-03-01,75.55,85.0
35004,CH-KPI1,2024-04-01,75.32,85.0
35004,CH-KPI1,2024-05-01,76.49,85.0
35004,CH-KPI1,2024-06-01,75.41,85.0
35004,CH-KPI1,2024-07-01,75.2,85.0
35004,CH-KPI1,2024-08-01,77.27,85.0
35004,CH-KPI1,2024-09-01,74.59,85.0
35004,CH-KPI1,2024-10-01,75.02,85.0
35004,CH-KPI1,2024-11-01,74.3,85.0
35004,CH-KPI1,2024-12-01,75.21,85.0
35004,CH-KPI2,2024-01-01,42.66,20.0
35004,CH-KPI2,2024-02-01,42.14,20.0
35004,CH-KPI2,2024-03-01,45.32,20.0
35004,CH-KPI2,2024-04-01,42.66,20.0
35004,CH-KPI2,2024-05-01,44.68,20.0
35004,CH-KPI2,2024-06-01,54.65,20.0
35004,CH-KPI2,2024-07-01,57.02,20.0
35004,CH-KPI2,2024-08-01,56.25,20.0
35004,CH-KPI2,2024-09-01,44.56,20.0
35004,CH-KPI2,2024-10-01,44.48,20.0
35004,CH-KPI2,2024-11-01,41.91,20.0
35004,CH-KPI2,2024-12-01,42.84,20.0
35004,CH-KPI3,2024-01-01,73.83,80.0
35004,CH-KPI3,2024-02-01,73.71,80.0
35004,CH-KPI3,2024-03-01,73.04,80.0
35004,CH-KPI3,2024-04-01,67.53,80.0
35004,CH-KPI3,2024-05-01,72.37,80.0
35004,CH-KPI3,2024-06-01,64.02,80.0
35004,CH-KPI3,2024-07-01,67.67,80.0
35004,CH-KPI3,2024-08-01,67.17,80.0
35004,CH-KPI3,2024-09-01,69.03,80.0
35004,CH-KPI3,2024-10-01,67.54,80.0
35004,CH-KPI3,2024-11-01,67.92,80.0
35004,CH-KPI3,2024-12-01,68.58,80.0
35004,CH-KPI4,2024-01-01,4.02,4.5
35004,CH-KPI4,2024-02-01,4.09,4.5
35004,CH-KPI4,2024-03-01,4.25,4.5
35004,CH-KPI4,2024-04-01,3.94,4.5
35004,CH-KPI4,2024-05-01,4.02,4.5
35004,CH-KPI4,2024-06-01,3.99,4.5
35004,CH-KPI4,2024-07-01,3.81,4.5
35004,CH-KPI4,2024-08-01,3.94,4.5
35004,CH-KPI4,2024-09-01,4.17,4.5
35004,CH-KPI4,2024-10-01,3.87,4.5
35004,CH-KPI4,2024-11-01,3.89,4.5
35004,CH-KPI4,2024-12-01,3.94,4.5
35004,CH-KPI5,2024-01-01,66.68,75.0
35004,CH-KPI5,2024-02-01,68.18,75.0
35004,CH-KPI5,2024-03-01,68.41,75.0
35004,CH-KPI5,2024-04-01,65.09,75.0
35004,CH-KPI5,2024-05-01,70.12,75.0
35004,CH-KPI5,2024-06-01,62.77,75.0
35004,CH-KPI5,2024-07-01,63.83,75.0
35004,CH-KPI5,2024-08-01,60.7,75.0
35004,CH-KPI5,2024-09-01,69.37,75.0
35004,CH-KPI5,2024-10-01,66.35,75.0
35004,CH-KPI5,2024-11-01,67.34,75.0
35004,CH-KPI5,2024-12-01,67.59,75.0
35004,CH-KPI6,2024-01-01,122.67,90.0
35004,CH-KPI6,2024-02-01,111.16,90.0
35004,CH-KPI6,2024-03-01,122.64,90.0
35004,CH-KPI6,2024-04-01,115.26,90.0
35004,CH-KPI6,2024-05-01,121.46,90.0
35004,CH-KPI6,2024-06-01,133.49,90.0
35004,CH-KPI6,2024-07-01,133.33,90.0
35004,CH-KPI6,2024-08-01,135.84,90.0
35004,CH-KPI6,2024-09-01,122.39,90.0
35004,CH-KPI6,2024-10-01,122.19,90.0
35004,CH-KPI6,2024-11-01,116.26,90.0
35004,CH-KPI6,2024-12-01,111.34,90.0
35004,DV-KPI1,2024-01-01,27.14,14.0
35004,DV-KPI1,2024-02-01,27.35,14.0
35004,DV-KPI1,2024-03-01,28.93,14.0
35004,DV-KPI1,2024-04-01,27.05,14.0
35004,DV-KPI1,2024-05-01,27.29,14.0
35004,DV-KPI1,2024-06-01,35.2,14.0
35004,DV-KPI1,2024-07-01,33.18,14.0
35004,DV-KPI1,2024-08-01,36.03,14.0
35004,DV-KPI1,2024-09-01,26.48,14.0
35004,DV-KPI1,2024-10-01,28.99,14.0
35004,DV-KPI1,2024-11-01,27.87,14.0
35004,DV-KPI1,2024-12-01,26.74,14.0
35004,DV-KPI2,2024-01-01,93.95,95.0
35004,DV-KPI2,2024-02-01,86.82,95.0
35004,DV-KPI2,2024-03-01,87.04,95.0
35004,DV-KPI2,2024-04-01,87.29,95.0
35004,DV-KPI2,2024-05-01,86.54,95.0
35004,DV-KPI2,2024-06-01,90.74,95.0
35004,DV-KPI2,2024-07-01,90.22,95.0
35004,DV-KPI2,2024-08-01,84.69,95.0
35004,DV-KPI2,2024-09-01,89.0,95.0
35004,DV-KPI2,2024-10-01,87.05,95.0
35004,DV-KPI2,2024-11-01,88.84,95.0
35004,DV-KPI2,2024-12-01,90.83,95.0
35004,DV-KPI3,2024-01-01,9.56,5.0
35004,DV-KPI3,2024-02-01,9.19,5.0
35004,DV-KPI3,2024-03-01,9.56,5.0
35004,DV-KPI3,2024-04-01,9.94,5.0
35004,DV-KPI3,2024-05-01,9.73,5.0
35004,DV-KPI3,2024-06-01,12.25,5.0
35004,DV-KPI3,2024-07-01,12.04,5.0
35004,DV-KPI3,2024-08-01,11.49,5.0
35004,DV-KPI3,2024-09-01,9.3,5.0
35004,DV-KPI3,2024-10-01,9.2,5.0
35004,DV-KPI3,2024-11-01,9.46,5.0
35004,DV-KPI3,2024-12-01,9.88,5.0
35004,DV-KPI4,2024-01-01,84.12,95.0
35004,DV-KPI4,2024-02-01,83.38,95.0
35004,DV-KPI4,2024-03-01,91.81,95.0
35004,DV-KPI4,2024-04-01,91.13,95.0
35004,DV-KPI4,2024-05-01,89.15,95.0
35004,DV-KPI4,2024-06-01,84.76,95.0
35004,DV-KPI4,2024-07-01,79.81,95.0
35004,DV-KPI4,2024-08-01,84.0,95.0
35004,DV-KPI4,2024-09-01,91.09,95.0
35004,DV-KPI4,2024-10-01,85.58,95.0
35004,DV-KPI4,2024-11-01,89.47,95.0
35004,DV-KPI4,2024-12-01,89.2,95.0
35004,DV-KPI5,2024-01-01,87.12,90.0
35004,DV-KPI5,2024-02-01,87.19,90.0
35004,DV-KPI5,2024-03-01,82.22,90.0
35004,DV-KPI5,2024-04-01,84.37,90.0
35004,DV-KPI5,2024-05-01,84.47,90.0
35004,DV-KPI5,2024-06-01,77.51,90.0
35004,DV-KPI5,2024-07-01,84.18,90.0
35004,DV-KPI5,2024-08-01,78.43,90.0
35004,DV-KPI5,2024-09-01,88.08,90.0
35004,DV-KPI5,2024-10-01,83.42,90.0
35004,DV-KPI5,2024-11-01,82.92,90.0
35004,DV-KPI5,2024-12-01,83.44,90.0
35004,DV-KPI6,2024-01-01,74.11,85.0
35004,DV-KPI6,2024-02-01,77.79,85.0
35004,DV-KPI6,2024-03-01,80.35,85.0
35004,DV-KPI6,2024-04-01,79.57,85.0
35004,DV-KPI6,2024-05-01,76.97,85.0
35004,DV-KPI6,2024-06-01,72.17,85.0
35004,DV-KPI6,2024-07-01,74.2,85.0
35004,DV-KPI6,2024-08-01,70.15,85.0
35004,DV-KPI6,2024-09-01,78.27,85.0
35004,DV-KPI6,2024-10-01,80.52,85.0
35004,DV-KPI6,2024-11-01,79.17,85.0
35004,DV-KPI6,2024-12-01,79.39,85.0
35004,EX-KPI1,2024-01-01,1.51,2.0
35004,EX-KPI1,2024-02-01,1.6,2.0
35004,EX-KPI1,2024-03-01,1.48,2.0
35004,EX-KPI1,2024-04-01,1.61,2.0
35004,EX-KPI1,2024-05-01,1.58,2.0
35004,EX-KPI1,2024-06-01,1.39,2.0
35004,EX-KPI1,2024-07-01,1.33,2.0
35004,EX-KPI1,2024-08-01,1.31,2.0
35004,EX-KPI1,2024-09-01,1.62,2.0
35004,EX-KPI1,2024-10-01,1.62,2.0
35004,EX-KPI1,2024-11-01,1.52,2.0
35004,EX-KPI1,2024-12-01,1.5,2.0
35004,EX-KPI2,2024-01-01,24.08,30.0
35004,EX-KPI2,2024-02-01,23.16,30.0
35004,EX-KPI2,2024-03-01,23.82,30.0
35004,EX-KPI2,2024-04-01,24.89,30.0
35004,EX-KPI2,2024-05-01,24.69,30.0
35004,EX-KPI2,2024-06-01,20.03,30.0
35004,EX-KPI2,2024-07-01,20.69,30.0
35004,EX-KPI2,2024-08-01,21.18,30.0
35004,EX-KPI2,2024-09-01,24.89,30.0
35004,EX-KPI2,2024-10-01,24.49,30.0
35004,EX-KPI2,2024-11-01,24.06,30.0
35004,EX-KPI2,2024-12-01,24.49,30.0
35004,EX-KPI3,2024-01-01,19.18,25.0
35004,EX-KPI3,2024-02-01,18.47,25.0
35004,EX-KPI3,2024-03-01,18.28,25.0
35004,EX-KPI3,2024-04-01,19.69,25.0
35004,EX-KPI3,2024-05-01,18.77,25.0
35004,EX-KPI3,2024-06-01,15.55,25.0
35004,EX-KPI3,2024-07-01,16.03,25.0
35004,EX-KPI3,2024-08-01,16.01,25.0
35004,EX-KPI3,2024-09-01,18.17,25.0
35004,EX-KPI3,2024-10-01,19.06,25.0
35004,EX-KPI3,2024-11-01,19.33,25.0
35004,EX-KPI3,2024-12-01,18.43,25.0
35004,EX-KPI4,2024-01-01,87.94,95.0
35004,EX-KPI4,2024-02-01,91.03,95.0
35004,EX-KPI4,2024-03-01,83.39,95.0
35004,EX-KPI4,2024-04-01,87.81,95.0
35004,EX-KPI4,2024-05-01,88.36,95.0
35004,EX-KPI4,2024-06-01,85.13,95.0
35004,EX-KPI4,2024-07-01,83.39,95.0
35004,EX-KPI4,2024-08-01,85.16,95.0
35004,EX-KPI4,2024-09-01,89.8,95.0
35004,EX-KPI4,2024-10-01,84.08,95.0
35004,EX-KPI4,2024-11-01,89.67,95.0
35004,EX-KPI4,2024-12-01,83.4,95.0
35004,EX-KPI5,2024-01-01,3.73,5.0
35004,EX-KPI5,2024-02-01,3.68,5.0
35004,EX-KPI5,2024-03-01,3.84,5.0
35004,EX-KPI5,2024-04-01,3.88,5.0
35004,EX-KPI5,2024-05-01,3.86,5.0
35004,EX-KPI5,2024-06-01,3.17,5.0
35004,EX-KPI5,2024-07-01,3.12,5.0
35004,EX-KPI5,2024-08-01,3.11,5.0
35004,EX-KPI5,2024-09-01,3.8,5.0
35004,EX-KPI5,2024-10-01,3.77,5.0
35004,EX-KPI5,2024-11-01,3.73,5.0
35004,EX-KPI5,2024-12-01,3.89,5.0
35004,EX-KPI6,2024-01-01,14.51,20.0
35004,EX-KPI6,2024-02-01,13.39,20.0
35004,EX-KPI6,2024-03-01,13.55,20.0
35004,EX-KPI6,2024-04-01,13.35,20.0
35004,EX-KPI6,2024-05-01,14.49,20.0
35004,EX-KPI6,2024-06-01,10.89,20.0
35004,EX-KPI6,2024-07-01,10.7,20.0
35004,EX-KPI6,2024-08-01,11.21,20.0
35004,EX-KPI6,2024-09-01,13.91,20.0
35004,EX-KPI6,2024-10-01,14.65,20.0
35004,EX-KPI6,2024-11-01,13.51,20.0
35004,EX-KPI6,2024-12-01,14.28,20.0
35004,EX-KPI7,2024-01-01,3.47,4.0
35004,EX-KPI7,2024-02-01,3.26,4.0
35004,EX-KPI7,2024-03-01,3.38,4.0
35004,EX-KPI7,2024-04-01,3.49,4.0
35004,EX-KPI7,2024-05-01,3.4,4.0
35004,EX-KPI7,2024-06-01,3.14,4.0
35004,EX-KPI7,2024-07-01,3.24,4.0
35004,EX-KPI7,2024-08-01,3.19,4.0
35004,EX-KPI7,2024-09-01,3.48,4.0
35004,EX-KPI7,2024-10-01,3.55,4.0
35004,EX-KPI7,2024-11-01,3.54,4.0
35004,EX-KPI7,2024-12-01,3.53,4.0
35004,EX-KPI8,2024-01-01,76.38,85.0
35004,EX-KPI8,2024-02-01,75.46,85.0
35004,EX-KPI8,2024-03-01,76.84,85.0
35004,EX-KPI8,2024-04-01,74.41,85.0
35004,EX-KPI8,2024-05-01,79.41,85.0
35004,EX-KPI8,2024-06-01,70.81,85.0
35004,EX-KPI8,2024-07-01,72.87,85.0
35004,EX-KPI8,2024-08-01,71.06,85.0
35004,EX-KPI8,2024-09-01,80.5,85.0
35004,EX-KPI8,2024-10-01,76.93,85.0
35004,EX-KPI8,2024-11-01,78.17,85.0
35004,EX-KPI8,2024-12-01,79.33,85.0
35004,OS-KPI1,2024-01-01,98.0,99.9
35004,OS-KPI1,2024-02-01,99.87,99.9
35004,OS-KPI1,2024-03-01,100.0,99.9
35004,OS-KPI1,2024-04-01,100.0,99.9
35004,OS-KPI1,2024-05-01,99.06,99.9
35004,OS-KPI1,2024-06-01,100.0,99.9
35004,OS-KPI1,2024-07-01,100.0,99.9
35004,OS-KPI1,2024-08-01,98.0,99.9
35004,OS-KPI1,2024-09-01,100.0,99.9
35004,OS-KPI1,2024-10-01,98.82,99.9
35004,OS-KPI1,2024-11-01,100.0,99.9
35004,OS-KPI1,2024-12-01,98.04,99.9
35004,OS-KPI2,2024-01-01,3.61,2.0
35004,OS-KPI2,2024-02-01,3.64,2.0
35004,OS-KPI2,2024-03-01,3.67,2.0
35004,OS-KPI2,2024-04-01,3.79,2.0
35004,OS-KPI2,2024-05-01,3.64,2.0
35004,OS-KPI2,2024-06-01,4.73,2.0
35004,OS-KPI2,2024-07-01,4.69,2.0
35004,OS-KPI2,2024-08-01,4.66,2.0
35004,OS-KPI2,2024-09-01,3.86,2.0
35004,OS-KPI2,2024-10-01,3.98,2.0
35004,OS-KPI2,2024-11-01,3.69,2.0
35004,OS-KPI2,2024-12-01,3.93,2.0
35004,OS-KPI3,2024-01-01,4.5,2.0
35004,OS-KPI3,2024-02-01,4.36,2.0
35004,OS-KPI3,2024-03-01,4.48,2.0
35004,OS-KPI3,2024-04-01,4.35,2.0
35004,OS-KPI3,2024-05-01,4.25,2.0
35004,OS-KPI3,2024-06-01,5.79,2.0
35004,OS-KPI3,2024-07-01,5.62,2.0
35004,OS-KPI3,2024-08-01,5.62,2.0
35004,OS-KPI3,2024-09-01,4.19,2.0
35004,OS-KPI3,2024-10-01,4.53,2.0
35004,OS-KPI3,2024-11-01,4.26,2.0
35004,OS-KPI3,2024-12-01,4.32,2.0
35004,OS-KPI4,2024-01-01,95.0,99.0
35004,OS-KPI4,2024-02-01,95.9,99.0
35004,OS-KPI4,2024-03-01,96.4,99.0
35004,OS-KPI4,2024-04-01,100.0,99.0
35004,OS-KPI4,2024-05-01,97.18,99.0
35004,OS-KPI4,2024-06-01,95.0,99.0
35004,OS-KPI4,2024-07-01,100.0,99.0
35004,OS-KPI4,2024-08-01,100.0,99.0
35004,OS-KPI4,2024-09-01,100.0,99.0
35004,OS-KPI4,2024-10-01,95.0,99.0
35004,OS-KPI4,2024-11-01,97.74,99.0
35004,OS-KPI4,2024-12-01,100.0,99.0
35004,OS-KPI5,2024-01-01,92.7,98.0
35004,OS-KPI5,2024-02-01,98.61,98.0
35004,OS-KPI5,2024-03-01,97.31,98.0
35004,OS-KPI5,2024-04-01,92.65,98.0
35004,OS-KPI5,2024-05-01,100.0,98.0
35004,OS-KPI5,2024-06-01,96.99,98.0
35004,OS-KPI5,2024-07-01,94.57,98.0
35004,OS-KPI5,2024-08-01,95.01,98.0
35004,OS-KPI5,2024-09-01,96.95,98.0
35004,OS-KPI5,2024-10-01,96.71,98.0
35004,OS-KPI5,2024-11-01,91.56,98.0
35004,OS-KPI5,2024-12-01,97.06,98.0
35004,OS-KPI6,2024-01-01,98.78,100.0
35004,OS-KPI6,2024-02-01,100.0,100.0
35004,OS-KPI6,2024-03-01,96.21,100.0
35004,OS-KPI6,2024-04-01,100.0,100.0
35004,OS-KPI6,2024-05-01,96.45,100.0
35004,OS-KPI6,2024-06-01,100.0,100.0
35004,OS-KPI6,2024-07-01,99.9,100.0
35004,OS-KPI6,2024-08-01,100.0,100.0
35004,OS-KPI6,2024-09-01,95.0,100.0
35004,OS-KPI6,2024-10-01,95.83,100.0
35004,OS-KPI6,2024-11-01,99.2,100.0
35004,OS-KPI6,2024-12-01,100.0,100.0
35004,OS-KPI7,2024-01-01,2.89,2.0
35004,OS-KPI7,2024-02-01,2.78,2.0
35004,OS-KPI7,2024-03-01,2.95,2.0
35004,OS-KPI7,2024-04-01,2.98,2.0
35004,OS-KPI7,2024-05-01,2.98,2.0
35004,OS-KPI7,2024-06-01,3.29,2.0
35004,OS-KPI7,2024-07-01,3.28,2.0
35004,OS-KPI7,2024-08-01,3.41,2.0
35004,OS-KPI7,2024-09-01,2.95,2.0
35004,OS-KPI7,2024-10-01,2.95,2.0
35004,OS-KPI7,2024-11-01,3.02,2.0
35004,OS-KPI7,2024-12-01,2.93,2.0
35005,AI-KPI1,2024-01-01,81.72,85.0
35005,AI-KPI1,2024-02-01,71.33,85.0
35005,AI-KPI1,2024-03-01,89.3,85.0
35005,AI-KPI1,2024-04-01,70.72,85.0
35005,AI-KPI1,2024-05-01,80.44,85.0
35005,AI-KPI1,2024-06-01,67.11,85.0
35005,AI-KPI1,2024-07-01,84.06,85.0
35005,AI-KPI1,2024-08-01,78.57,85.0
35005,AI-KPI1,2024-09-01,74.03,85.0
35005,AI-KPI1,2024-10-01,66.73,85.0
35005,AI-KPI1,2024-11-01,84.04,85.0
35005,AI-KPI1,2024-12-01,68.81,85.0
35005,AI-KPI2,2024-01-01,81.55,80.0
35005,AI-KPI2,2024-02-01,72.25,80.0
35005,AI-KPI2,2024-03-01,83.18,80.0
35005,AI-KPI2,2024-04-01,72.73,80.0
35005,AI-KPI2,2024-05-01,75.99,80.0
35005,AI-KPI2,2024-06-01,56.63,80.0
35005,AI-KPI2,2024-07-01,77.21,80.0
35005,AI-KPI2,2024-08-01,77.4,80.0
35005,AI-KPI2,2024-09-01,64.7,80.0
35005,AI-KPI2,2024-10-01,76.51,80.0
35005,AI-KPI2,2024-11-01,74.58,80.0
35005,AI-KPI2,2024-12-01,63.08,80.0
35005,AI-KPI3,2024-01-01,39.53,24.0
35005,AI-KPI3,2024-02-01,32.89,24.0
35005,AI-KPI3,2024-03-01,30.25,24.0
35005,AI-KPI3,2024-04-01,33.76,24.0
35005,AI-KPI3,2024-05-01,48.05,24.0
35005,AI-KPI3,2024-06-01,45.85,24.0
35005,AI-KPI3,2024-07-01,43.66,24.0
35005,AI-KPI3,2024-08-01,32.94,24.0
35005,AI-KPI3,2024-09-01,33.48,24.0
35005,AI-KPI3,2024-10-01,33.74,24.0
35005,AI-KPI3,2024-11-01,46.74,24.0
35005,AI-KPI3,2024-12-01,49.53,24.0
35005,AI-KPI4,2024-01-01,85.81,50.0
35005,AI-KPI4,2024-02-01,69.91,50.0
35005,AI-KPI4,2024-03-01,61.98,50.0
35005,AI-KPI4,2024-04-01,86.71,50.0
35005,AI-KPI4,2024-05-01,121.17,50.0
35005,AI-KPI4,2024-06-01,124.99,50.0
35005,AI-KPI4,2024-07-01,85.11,50.0
35005,AI-KPI4,2024-08-01,78.27,50.0
35005,AI-KPI4,2024-09-01,82.66,50.0
35005,AI-KPI4,2024-10-01,85.89,50.0
35005,AI-KPI4,2024-11-01,114.28,50.0
35005,AI-KPI4,2024-12-01,134.48,50.0
35005,AI-KPI5,2024-01-01,100.0,98.0
35005,AI-KPI5,2024-02-01,90.0,98.0
35005,AI-KPI5,2024-03-01,90.0,98.0
35005,AI-KPI5,2024-04-01,96.47,98.0
35005,AI-KPI5,2024-05-01,90.0,98.0
35005,AI-KPI5,2024-06-01,97.84,98.0
35005,AI-KPI5,2024-07-01,90.0,98.0
35005,AI-KPI5,2024-08-01,100.0,98.0
35005,AI-KPI5,2024-09-01,100.0,98.0
35005,AI-KPI5,2024-10-01,92.39,98.0
35005,AI-KPI5,2024-11-01,97.23,98.0
35005,AI-KPI5,2024-12-01,98.83,98.0
35005,AI-KPI6,2024-01-01,92.98,90.0
35005,AI-KPI6,2024-02-01,87.68,90.0
35005,AI-KPI6,2024-03-01,74.19,90.0
35005,AI-KPI6,2024-04-01,71.93,90.0
35005,AI-KPI6,2024-05-01,73.18,90.0
35005,AI-KPI6,2024-06-01,89.64,90.0
35005,AI-KPI6,2024-07-01,72.24,90.0
35005,AI-KPI6,2024-08-01,98.33,90.0
35005,AI-KPI6,2024-09-01,97.4,90.0
35005,AI-KPI6,2024-10-01,81.18,90.0
35005,AI-KPI6,2024-11-01,90.65,90.0
35005,AI-KPI6,2024-12-01,70.15,90.0
35005,CH-KPI1,2024-01-01,78.75,85.0
35005,CH-KPI1,2024-02-01,89.64,85.0
35005,CH-KPI1,2024-03-01,88.57,85.0
35005,CH-KPI1,2024-04-01,70.71,85.0
35005,CH-KPI1,2024-05-01,75.59,85.0
35005,CH-KPI1,2024-06-01,79.39,85.0
35005,CH-KPI1,2024-07-01,84.58,85.0
35005,CH-KPI1,2024-08-01,87.69,85.0
35005,CH-KPI1,2024-09-01,77.63,85.0
35005,CH-KPI1,2024-10-01,87.49,85.0
35005,CH-KPI1,2024-11-01,75.68,85.0
35005,CH-KPI1,2024-12-01,64.57,85.0
35005,CH-KPI2,2024-01-01,39.51,20.0
35005,CH-KPI2,2024-02-01,31.82,20.0
35005,CH-KPI2,2024-03-01,36.75,20.0
35005,CH-KPI2,2024-04-01,44.83,20.0
35005,CH-KPI2,2024-05-01,58.73,20.0
35005,CH-KPI2,2024-06-01,47.86,20.0
35005,CH-KPI2,2024-07-01,43.69,20.0
35005,CH-KPI2,2024-08-01,28.26,20.0
35005,CH-KPI2,2024-09-01,28.78,20.0
35005,CH-KPI2,2024-10-01,40.96,20.0
35005,CH-KPI2,2024-11-01,59.07,20.0
35005,CH-KPI2,2024-12-01,48.34,20.0
35005,CH-KPI3,2024-01-01,76.37,80.0
35005,CH-KPI3,2024-02-01,80.53,80.0
35005,CH-KPI3,2024-03-01,71.91,80.0
35005,CH-KPI3,2024-04-01,80.21,80.0
35005,CH-KPI3,2024-05-01,66.15,80.0
35005,CH-KPI3,2024-06-01,75.46,80.0
35005,CH-KPI3,2024-07-01,75.69,80.0
35005,CH-KPI3,2024-08-01,80.38,80.0
35005,CH-KPI3,2024-09-01,85.42,80.0
35005,CH-KPI3,2024-10-01,70.36,80.0
35005,CH-KPI3,2024-11-01,64.0,80.0
35005,CH-KPI3,2024-12-01,69.13,80.0
35005,CH-KPI4,2024-01-01,3.56,4.5
35005,CH-KPI4,2024-02-01,4.81,4.5
35005,CH-KPI4,2024-03-01,4.9,4.5
35005,CH-KPI4,2024-04-01,3.98,4.5
35005,CH-KPI4,2024-05-01,3.27,4.5
35005,CH-KPI4,2024-06-01,3.55,4.5
35005,CH-KPI4,2024-07-01,3.96,4.5
35005,CH-KPI4,2024-08-01,3.88,4.5
35005,CH-KPI4,2024-09-01,4.33,4.5
35005,CH-KPI4,2024-10-01,4.55,4.5
35005,CH-KPI4,2024-11-01,4.18,4.5
35005,CH-KPI4,2024-12-01,3.73,4.5
35005,CH-KPI5,2024-01-01,57.56,75.0
35005,CH-KPI5,2024-02-01,63.12,75.0
35005,CH-KPI5,2024-03-01,76.17,75.0
35005,CH-KPI5,2024-04-01,61.77,75.0
35005,CH-KPI5,2024-05-01,71.36,75.0
35005,CH-KPI5,2024-06-01,55.46,75.0
35005,CH-KPI5,2024-07-01,76.76,75.0
35005,CH-KPI5,2024-08-01,60.65,75.0
35005,CH-KPI5,2024-09-01,66.72,75.0
35005,CH-KPI5,2024-10-01,76.67,75.0
35005,CH-KPI5,2024-11-01,65.85,75.0
35005,CH-KPI5,2024-12-01,61.91,75.0
35005,CH-KPI6,2024-01-01,118.5,90.0
35005,CH-KPI6,2024-02-01,101.45,90.0
35005,CH-KPI6,2024-03-01,117.55,90.0
35005,CH-KPI6,2024-04-01,126.51,90.0
35005,CH-KPI6,2024-05-01,131.13,90.0
35005,CH-KPI6,2024-06-01,149.47,90.0
35005,CH-KPI6,2024-07-01,130.2,90.0
35005,CH-KPI6,2024-08-01,94.93,90.0
35005,CH-KPI6,2024-09-01,95.15,90.0
35005,CH-KPI6,2024-10-01,106.22,90.0
35005,CH-KPI6,2024-11-01,140.79,90.0
35005,CH-KPI6,2024-12-01,110.94,90.0
35005,DV-KPI1,2024-01-01,31.21,14.0
35005,DV-KPI1,2024-02-01,19.78,14.0
35005,DV-KPI1,2024-03-01,23.02,14.0
35005,DV-KPI1,2024-04-01,24.53,14.0
35005,DV-KPI1,2024-05-01,30.44,14.0
35005,DV-KPI1,2024-06-01,35.35,14.0
35005,DV-KPI1,2024-07-01,24.65,14.0
35005,DV-KPI1,2024-08-01,21.0,14.0
35005,DV-KPI1,2024-09-01,22.1,14.0
35005,DV-KPI1,2024-10-01,23.65,14.0
35005,DV-KPI1,2024-11-01,37.37,14.0
35005,DV-KPI1,2024-12-01,32.61,14.0
35005,DV-KPI2,2024-01-01,100.0,95.0
35005,DV-KPI2,2024-02-01,94.14,95.0
35005,DV-KPI2,2024-03-01,100.0,95.0
35005,DV-KPI2,2024-04-01,82.63,95.0
35005,DV-KPI2,2024-05-01,80.0,95.0
35005,DV-KPI2,2024-06-01,93.57,95.0
35005,DV-KPI2,2024-07-01,83.2,95.0
35005,DV-KPI2,2024-08-01,98.41,95.0
35005,DV-KPI2,2024-09-01,88.22,95.0
35005,DV-KPI2,2024-10-01,87.32,95.0
35005,DV-KPI2,2024-11-01,92.2,95.0
35005,DV-KPI2,2024-12-01,81.05,95.0
35005,DV-KPI3,2024-01-01,9.96,5.0
35005,DV-KPI3,2024-02-01,7.62,5.0
35005,DV-KPI3,2024-03-01,7.58,5.0
35005,DV-KPI3,2024-04-01,9.3,5.0
35005,DV-KPI3,2024-05-01,12.73,5.0
35005,DV-KPI3,2024-06-01,12.42,5.0
35005,DV-KPI3,2024-07-01,9.54,5.0
35005,DV-KPI3,2024-08-01,6.58,5.0
35005,DV-KPI3,2024-09-01,7.27,5.0
35005,DV-KPI3,2024-10-01,8.31,5.0
35005,DV-KPI3,2024-11-01,12.23,5.0
35005,DV-KPI3,2024-12-01,12.01,5.0
35005,DV-KPI4,2024-01-01,95.72,95.0
35005,DV-KPI4,2024-02-01,99.84,95.0
35005,DV-KPI4,2024-03-01,100.0,95.0
35005,DV-KPI4,2024-04-01,77.08,95.0
35005,DV-KPI4,2024-05-01,72.85,95.0
35005,DV-KPI4,2024-06-01,78.84,95.0
35005,DV-KPI4,2024-07-01,77.13,95.0
35005,DV-KPI4,2024-08-01,86.97,95.0
35005,DV-KPI4,2024-09-01,100.0,95.0
35005,DV-KPI4,2024-10-01,88.8,95.0
35005,DV-KPI4,2024-11-01,94.78,95.0
35005,DV-KPI4,2024-12-01,71.62,95.0
35005,DV-KPI5,2024-01-01,82.24,90.0
35005,DV-KPI5,2024-02-01,97.79,90.0
35005,DV-KPI5,2024-03-01,97.15,90.0
35005,DV-KPI5,2024-04-01,91.32,90.0
35005,DV-KPI5,2024-05-01,70.94,90.0
35005,DV-KPI5,2024-06-01,92.79,90.0
35005,DV-KPI5,2024-07-01,75.84,90.0
35005,DV-KPI5,2024-08-01,89.43,90.0
35005,DV-KPI5,2024-09-01,84.92,90.0
35005,DV-KPI5,2024-10-01,72.25,90.0
35005,DV-KPI5,2024-11-01,84.42,90.0
35005,DV-KPI5,2024-12-01,83.48,90.0
35005,DV-KPI6,2024-01-01,77.86,85.0
35005,DV-KPI6,2024-02-01,86.95,85.0
35005,DV-KPI6,2024-03-01,74.65,85.0
35005,DV-KPI6,2024-04-01,84.71,85.0
35005,DV-KPI6,2024-05-01,73.23,85.0
35005,DV-KPI6,2024-06-01,73.91,85.0
35005,DV-KPI6,2024-07-01,81.7,85.0
35005,DV-KPI6,2024-08-01,77.68,85.0
35005,DV-KPI6,2024-09-01,74.01,85.0
35005,DV-KPI6,2024-10-01,73.38,85.0
35005,DV-KPI6,2024-11-01,64.17,85.0
35005,DV-KPI6,2024-12-01,71.8,85.0
35005,EX-KPI1,2024-01-01,1.75,2.0
35005,EX-KPI1,2024-02-01,1.76,2.0
35005,EX-KPI1,2024-03-01,1.72,2.0
35005,EX-KPI1,2024-04-01,1.59,2.0
35005,EX-KPI1,2024-05-01,1.39,2.0
35005,EX-KPI1,2024-06-01,1.45,2.0
35005,EX-KPI1,2024-07-01,1.46,2.0
35005,EX-KPI1,2024-08-01,1.92,2.0
35005,EX-KPI1,2024-09-01,1.63,2.0
35005,EX-KPI1,2024-10-01,1.55,2.0
35005,EX-KPI1,2024-11-01,1.2,2.0
35005,EX-KPI1,2024-12-01,1.26,2.0
35005,EX-KPI2,2024-01-01,21.55,30.0
35005,EX-KPI2,2024-02-01,25.91,30.0
35005,EX-KPI2,2024-03-01,26.89,30.0
35005,EX-KPI2,2024-04-01,26.22,30.0
35005,EX-KPI2,2024-05-01,19.31,30.0
35005,EX-KPI2,2024-06-01,22.06,30.0
35005,EX-KPI2,2024-07-01,20.94,30.0
35005,EX-KPI2,2024-08-01,29.67,30.0
35005,EX-KPI2,2024-09-01,30.67,30.0
35005,EX-KPI2,2024-10-01,27.25,30.0
35005,EX-KPI2,2024-11-01,20.25,30.0
35005,EX-KPI2,2024-12-01,22.21,30.0
35005,EX-KPI3,2024-01-01,18.02,25.0
35005,EX-KPI3,2024-02-01,20.37,25.0
35005,EX-KPI3,2024-03-01,24.17,25.0
35005,EX-KPI3,2024-04-01,19.37,25.0
35005,EX-KPI3,2024-05-01,16.32,25.0
35005,EX-KPI3,2024-06-01,13.69,25.0
35005,EX-KPI3,2024-07-01,18.19,25.0
35005,EX-KPI3,2024-08-01,23.91,25.0
35005,EX-KPI3,2024-09-01,23.75,25.0
35005,EX-KPI3,2024-10-01,19.17,25.0
35005,EX-KPI3,2024-11-01,13.71,25.0
35005,EX-KPI3,2024-12-01,17.81,25.0
35005,EX-KPI4,2024-01-01,96.35,95.0
35005,EX-KPI4,2024-02-01,100.0,95.0
35005,EX-KPI4,2024-03-01,98.82,95.0
35005,EX-KPI4,2024-04-01,94.73,95.0
35005,EX-KPI4,2024-05-01,75.48,95.0
35005,EX-KPI4,2024-06-01,77.23,95.0
35005,EX-KPI4,2024-07-01,93.15,95.0
35005,EX-KPI4,2024-08-01,84.83,95.0
35005,EX-KPI4,2024-09-01,94.64,95.0
35005,EX-KPI4,2024-10-01,94.15,95.0
35005,EX-KPI4,2024-11-01,89.16,95.0
35005,EX-KPI4,2024-12-01,79.07,95.0
35005,EX-KPI5,2024-01-01,4.06,5.0
35005,EX-KPI5,2024-02-01,4.81,5.0
35005,EX-KPI5,2024-03-01,5.0,5.0
35005,EX-KPI5,2024-04-01,3.6,5.0
35005,EX-KPI5,2024-05-01,3.18,5.0
35005,EX-KPI5,2024-06-01,2.77,5.0
35005,EX-KPI5,2024-07-01,3.83,5.0
35005,EX-KPI5,2024-08-01,3.97,5.0
35005,EX-KPI5,2024-09-01,4.02,5.0
35005,EX-KPI5,2024-10-01,4.29,5.0
35005,EX-KPI5,2024-11-01,3.5,5.0
35005,EX-KPI5,2024-12-01,2.83,5.0
35005,EX-KPI6,2024-01-01,13.23,20.0
35005,EX-KPI6,2024-02-01,16.89,20.0
35005,EX-KPI6,2024-03-01,18.05,20.0
35005,EX-KPI6,2024-04-01,14.67,20.0
35005,EX-KPI6,2024-05-01,11.09,20.0
35005,EX-KPI6,2024-06-01,9.43,20.0
35005,EX-KPI6,2024-07-01,14.3,20.0
35005,EX-KPI6,2024-08-01,16.42,20.0
35005,EX-KPI6,2024-09-01,16.92,20.0
35005,EX-KPI6,2024-10-01,15.98,20.0
35005,EX-KPI6,2024-11-01,10.6,20.0
35005,EX-KPI6,2024-12-01,12.42,20.0
35005,EX-KPI7,2024-01-01,3.54,4.0
35005,EX-KPI7,2024-02-01,3.97,4.0
35005,EX-KPI7,2024-03-01,4.25,4.0
35005,EX-KPI7,2024-04-01,3.62,4.0
35005,EX-KPI7,2024-05-01,2.88,4.0
35005,EX-KPI7,2024-06-01,3.16,4.0
35005,EX-KPI7,2024-07-01,3.87,4.0
35005,EX-KPI7,2024-08-01,3.8,4.0
35005,EX-KPI7,2024-09-01,3.69,4.0
35005,EX-KPI7,2024-10-01,2.94,4.0
35005,EX-KPI7,2024-11-01,3.14,4.0
35005,EX-KPI7,2024-12-01,2.84,4.0
35005,EX-KPI8,2024-01-01,73.73,85.0
35005,EX-KPI8,2024-02-01,77.27,85.0
35005,EX-KPI8,2024-03-01,87.85,85.0
35005,EX-KPI8,2024-04-01,84.44,85.0
35005,EX-KPI8,2024-05-01,63.04,85.0
35005,EX-KPI8,2024-06-01,64.2,85.0
35005,EX-KPI8,2024-07-01,75.95,85.0
35005,EX-KPI8,2024-08-01,81.39,85.0
35005,EX-KPI8,2024-09-01,86.1,85.0
35005,EX-KPI8,2024-10-01,73.77,85.0
35005,EX-KPI8,2024-11-01,79.11,85.0
35005,EX-KPI8,2024-12-01,71.13,85.0
35005,OS-KPI1,2024-01-01,98.0,99.9
35005,OS-KPI1,2024-02-01,98.0,99.9
35005,OS-KPI1,2024-03-01,100.0,99.9
35005,OS-KPI1,2024-04-01,100.0,99.9
35005,OS-KPI1,2024-05-01,98.0,99.9
35005,OS-KPI1,2024-06-01,98.0,99.9
35005,OS-KPI1,2024-07-01,98.0,99.9
35005,OS-KPI1,2024-08-01,100.0,99.9
35005,OS-KPI1,2024-09-01,100.0,99.9
35005,OS-KPI1,2024-10-01,100.0,99.9
35005,OS-KPI1,2024-11-01,100.0,99.9
35005,OS-KPI1,2024-12-01,99.28,99.9
35005,OS-KPI2,2024-01-01,4.11,2.0
35005,OS-KPI2,2024-02-01,2.62,2.0
35005,OS-KPI2,2024-03-01,2.68,2.0
35005,OS-KPI2,2024-04-01,3.27,2.0
35005,OS-KPI2,2024-05-01,5.31,2.0
35005,OS-KPI2,2024-06-01,4.24,2.0
35005,OS-KPI2,2024-07-01,3.39,2.0
35005,OS-KPI2,2024-08-01,2.78,2.0
35005,OS-KPI2,2024-09-01,3.04,2.0
35005,OS-KPI2,2024-10-01,4.13,2.0
35005,OS-KPI2,2024-11-01,4.72,2.0
35005,OS-KPI2,2024-12-01,4.16,2.0
35005,OS-KPI3,2024-01-01,4.63,2.0
35005,OS-KPI3,2024-02-01,2.79,2.0
35005,OS-KPI3,2024-03-01,3.31,2.0
35005,OS-KPI3,2024-04-01,4.32,2.0
35005,OS-KPI3,2024-05-01,5.26,2.0
35005,OS-KPI3,2024-06-01,5.7,2.0
35005,OS-KPI3,2024-07-01,4.18,2.0
35005,OS-KPI3,2024-08-01,2.9,2.0
35005,OS-KPI3,2024-09-01,3.23,2.0
35005,OS-KPI3,2024-10-01,4.71,2.0
35005,OS-KPI3,2024-11-01,5.47,2.0
35005,OS-KPI3,2024-12-01,5.34,2.0
35005,OS-KPI4,2024-01-01,100.0,99.0
35005,OS-KPI4,2024-02-01,95.85,99.0
35005,OS-KPI4,2024-03-01,98.6,99.0
35005,OS-KPI4,2024-04-01,100.0,99.0
35005,OS-KPI4,2024-05-01,95.0,99.0
35005,OS-KPI4,2024-06-01,100.0,99.0
35005,OS-KPI4,2024-07-01,100.0,99.0
35005,OS-KPI4,2024-08-01,99.07,99.0
35005,OS-KPI4,2024-09-01,100.0,99.0
35005,OS-KPI4,2024-10-01,100.0,99.0
35005,OS-KPI4,2024-11-01,100.0,99.0
35005,OS-KPI4,2024-12-01,100.0,99.0
35005,OS-KPI5,2024-01-01,100.0,98.0
35005,OS-KPI5,2024-02-01,94.66,98.0
35005,OS-KPI5,2024-03-01,91.91,98.0
35005,OS-KPI5,2024-04-01,90.0,98.0
35005,OS-KPI5,2024-05-01,96.89,98.0
35005,OS-KPI5,2024-06-01,94.55,98.0
35005,OS-KPI5,2024-07-01,90.0,98.0
35005,OS-KPI5,2024-08-01,100.0,98.0
35005,OS-KPI5,2024-09-01,90.0,98.0
35005,OS-KPI5,2024-10-01,90.0,98.0
35005,OS-KPI5,2024-11-01,90.0,98.0
35005,OS-KPI5,2024-12-01,95.91,98.0
35005,OS-KPI6,2024-01-01,100.0,100.0
35005,OS-KPI6,2024-02-01,95.0,100.0
35005,OS-KPI6,2024-03-01,100.0,100.0
35005,OS-KPI6,2024-04-01,97.16,100.0
35005,OS-KPI6,2024-05-01,95.0,100.0
35005,OS-KPI6,2024-06-01,95.12,100.0
35005,OS-KPI6,2024-07-01,95.0,100.0
35005,OS-KPI6,2024-08-01,100.0,100.0
35005,OS-KPI6,2024-09-01,95.0,100.0
35005,OS-KPI6,2024-10-01,95.0,100.0
35005,OS-KPI6,2024-11-01,97.88,100.0
35005,OS-KPI6,2024-12-01,100.0,100.0
35005,OS-KPI7,2024-01-01,2.68,2.0
35005,OS-KPI7,2024-02-01,2.79,2.0
35005,OS-KPI7,2024-03-01,2.17,2.0
35005,OS-KPI7,2024-04-01,2.54,2.0
35005,OS-KPI7,2024-05-01,3.27,2.0
35005,OS-KPI7,2024-06-01,3.7,2.0
35005,OS-KPI7,2024-07-01,3.33,2.0
35005,OS-KPI7,2024-08-01,2.36,2.0
35005,OS-KPI7,2024-09-01,2.73,2.0
35005,OS-KPI7,2024-10-01,3.28,2.0
35005,OS-KPI7,2024-11-01,2.91,2.0
35005,OS-KPI7,2024-12-01,3.82,2.0
